parameter,correlation_with_beta_tire_comp_V,absolute_correlation
beta_vol,-0.22740741477896184,0.22740741477896184
gamma_Cr_V[5],-0.1326184589056401,0.1326184589056401
b_V,0.09176734194117218,0.09176734194117218
a_V,-0.09161009324369343,0.09161009324369343
gamma_Cr_V[1],0.08177439945830961,0.08177439945830961
gamma_Cr_V[4],0.07774124375946286,0.07774124375946286
beta_vin,0.07661546645385699,0.07661546645385699
beta_res_V,-0.07468178605375915,0.07468178605375915
b_res_stir,0.04988285355669489,0.04988285355669489
gamma_Cr_V[3],0.022921749987884356,0.022921749987884356
gamma_Cr_V[2],9.904660428141645e-4,9.904660428141645e-4
