model_version,source,interval_prob,Year,analyte,treatment,n_events,load_mean,load_low,load_high,volume_mean,volume_low,volume_high,conc_mean,conc_low,conc_high
v1p7p5,Observed,0.95,2011,ICP,CT,6,16.7832703,4.81005935,36.305246293749995,82714.57,47898.91625000001,120176.10199999997,0.20290585201615627,0.08755438213487873,0.318859064020855
v1p7p5,Observed,0.95,2011,ICP,MT,3,16.765182690000003,7.18948638,28.71485721,87865,63065.67,110018.61000000002,0.190806153644796,0.114,0.26099999999999995
v1p7p5,Observed,0.95,2011,ICP,ST,5,22.20883316,5.84064504,47.84592558,123379.26,52232.229999999996,208508.08000000002,0.1800045903987429,0.06898563972246084,0.40185428051844335
v1p7p5,Observed,0.95,2012,ICP,CT,10,21.589084,8.970898725000005,34.83012579999999,96259,58602.4,131020.25,0.2242811996800299,0.1047609026838765,0.34665545740901865
v1p7p5,Observed,0.95,2012,ICP,MT,7,56.271254000000006,18.188816,100.93979139999999,145992,110462,183074.05,0.38544066798180726,0.12070310961839133,0.6539077998956074
v1p7p5,Observed,0.95,2012,ICP,ST,5,22.828858,8.163863,42.545865,86096,54640.375000000015,118707,0.26515584928451963,0.10997710817565157,0.44192952757421355
v1p7p5,Observed,0.95,2013,ICP,CT,5,5.236666,2.1711995500000003,7.914457674999998,84140,48014,126551.37499999994,0.062237532683622525,0.042113639727041026,0.08165616994396808
v1p7p5,Observed,0.95,2013,ICP,MT,4,11.241752,6.705246,16.408494,100647,91176,114385,0.11169485429272606,0.06753856686444545,0.1600046605496952
v1p7p5,Observed,0.95,2013,ICP,ST,6,8.82342,3.300178750000001,14.444132,109085,64612,153558,0.08088573131044598,0.04077649185796316,0.1147430377964762
v1p7p5,Observed,0.95,2015,NH4,CT,20,34.66040076,20.579686340750005,48.22417233224999,436607.38,382523.43525000004,481698.4485,0.07938574185347028,0.04818760002758934,0.10776521134412219
v1p7p5,Observed,0.95,2015,NH4,MT,20,19.04680961,9.953828142000003,27.930333413749995,186492.58,138839.50575,240634.35874999998,0.1021317288333938,0.06814444137906822,0.12624934126935367
v1p7p5,Observed,0.95,2015,NH4,ST,18,11.429592490000001,5.822581178750001,17.935721803499998,150763.38999999998,115175.87400000001,189891.10975,0.07581145853777899,0.03579617938072091,0.11798756908746517
v1p7p5,Observed,0.95,2016,NH4,CT,8,49.57943184,22.9153089145,75.37009996449997,306451.77999999997,246738.09999999998,382527.25,0.16178542620963077,0.06329303698669006,0.30186168522105317
v1p7p5,Observed,0.95,2016,NH4,MT,8,3.5344203000000003,2.2318126705,5.245757357499997,41283,27077.22475000001,60205.34,0.08561442482377735,0.057462721409863284,0.12012252699321353
v1p7p5,Observed,0.95,2016,NH4,ST,8,11.28472356,8.3255124825,13.916835568499998,156399.24,90059.91,210567.9,0.07215331455574849,0.05483206190435638,0.11137847482181504
v1p7p5,Observed,0.95,2023,NO2,CT,40,0,0,0,1647312.4000000001,1415508.24425,1920255.0480000002,0,0,0
v1p7p5,Observed,0.95,2023,NO2,MT,45,0,0,0,2117365.43,1905914.69575,2310584.83275,0,0,0
v1p7p5,Observed,0.95,2023,NO2,ST,41,7.147506170000001,0,21.442518510000003,1541566.8599999999,1370642.0415,1696066.3514999999,0.004636520384201825,0,0.014197863782068538
v1p7p5,Observed,0.95,2024,NO2,CT,16,10.076173610000001,0,25.7452894,760759.5,649111.467,894726.5205,0.013244886997796284,0,0.03492634667674663
v1p7p5,Observed,0.95,2024,NO2,MT,14,0,0,0,852500.98,636711.0925,1085871.1024999998,0,0,0
v1p7p5,Observed,0.95,2024,NO2,ST,23,7.150305,0,21.450915000000002,1201750.75,997396.26875,1398264.86775,0.005949906833842209,0,0.019620153567226496
v1p7p5,Observed,0.95,2025,NO2,CT,44,1629.01341265,1509.9453551645,1736.57535509475,2008642.38,1885409.8417500001,2132618.0657499996,0.8110022116779195,0.7969029475331285,0.8248142502606778
v1p7p5,Observed,0.95,2025,NO2,MT,34,1511.15661436,1347.341944097,1674.022222853,1833373.02,1667644.0387499998,2011447.42525,0.8242494014447753,0.8039855664438286,0.8436028954465911
v1p7p5,Observed,0.95,2025,NO2,ST,44,1953.3674355800001,1796.2086783190002,2131.8338257777505,2371308.14,2204557.45725,2555049.2925,0.8237509932302598,0.8070226444778845,0.8368440975106932
v1p7p5,Observed,0.95,2011,NO3,CT,6,654.35685474,409.39948663,944.5388808000001,82714.57,52240.59,119219.94,7.911022867434358,7.552534776644847,8.253968538540622
v1p7p5,Observed,0.95,2011,NO3,MT,3,658.84533775,502.44419289,803.135853,87865,63065.67,110018.61000000002,7.498382037785238,7.299999999999999,7.9670000000000005
v1p7p5,Observed,0.95,2011,NO3,ST,5,969.30050128,401.83590401,1601.582197475,123379.26,52232.229999999996,199200.55999999997,7.856267749377003,7.540063742772495,8.017200353036262
v1p7p5,Observed,0.95,2012,NO3,CT,12,761.620846,389.99326270000006,1084.7397759249998,96259,50861.62500000001,137899.77500000002,7.912204012092376,7.131419322988627,8.85812104153792
v1p7p5,Observed,0.95,2012,NO3,MT,7,1550.718656,948.3349277500001,2601.1258329,145992,113967,182691.6,10.621942681790783,7.1566893597986185,14.939697750049351
v1p7p5,Observed,0.95,2012,NO3,ST,6,756.3666870000001,388.534384,1006.0347370000001,86096,43427.275,130177.0999999999,8.785154792324848,7.2733107124616465,11.696848127087911
v1p7p5,Observed,0.95,2013,NO3,CT,5,687.881489,416.019032,955.725529,84140,48014,118919,8.17543961255051,7.980101345224855,8.66453601033032
v1p7p5,Observed,0.95,2013,NO3,MT,4,918.130912,816.2312209999999,1009.9302230249999,100647,91176,111910,9.122287917175873,8.91978156529594,9.342621184695087
v1p7p5,Observed,0.95,2013,NO3,ST,6,958.2123180000001,565.8522780000001,1429.629015,109085,64612,160870.89999999997,8.784088719805657,8.427232560841643,9.12531298084793
v1p7p5,Observed,0.95,2014,NO3,CT,19,7305.89071535,5635.530342623751,9240.531730788749,780160.4,620790.97875,940673.7154999998,9.364600812025323,8.66113030882186,10.188770832610308
v1p7p5,Observed,0.95,2014,NO3,MT,1,54.74769270000001,54.74769270000001,54.74769270000001,6588.17,6588.17,6588.17,8.31,8.31,8.31
v1p7p5,Observed,0.95,2014,NO3,ST,18,2998.86839233,2067.6359772565006,3881.5714248689997,343538.75,233542.72225000005,449701.2387499999,8.729345357197696,8.092809647161188,9.449237683679257
v1p7p5,Observed,0.95,2015,NO3,CT,20,3512.94215413,3097.99564182875,3900.56224267125,436607.38,384995.88225,485036.14125,8.045998109628838,7.934577993965505,8.148540907869567
v1p7p5,Observed,0.95,2015,NO3,MT,20,1532.89849641,1141.5372975305,2014.0452551785,186492.58,139495.941,244632.32674999998,8.219621908871655,8.120561293435498,8.315337971385716
v1p7p5,Observed,0.95,2015,NO3,ST,19,1244.05455551,963.96315682675,1556.202386991,154139.61,116216.28624999999,194178.1945,8.070959537979888,7.7957855279302075,8.301104441788823
v1p7p5,Observed,0.95,2016,NO3,CT,8,1523.55008581,1194.8361206525,1943.5276652999999,306451.77999999997,246833.68899999998,375105.55949999986,4.971581779717514,4.769672522710088,5.14448293447996
v1p7p5,Observed,0.95,2016,NO3,MT,8,206.5986651,126.4524432005,305.44176161999997,41283,25915.16,60205.34,5.004448928130223,4.837049488617867,5.0931827670817
v1p7p5,Observed,0.95,2016,NO3,ST,8,790.06702527,475.82650700325024,1099.70756154,156399.24,96201.82424999999,216583.02,5.051603992896641,4.913288409484007,5.129723135397575
v1p7p5,Observed,0.95,2017,NO3,CT,22,9259.793706,7135.2841262500015,11605.375198825,1045125.5700000001,817972.9532500001,1315689.7659999996,8.859981969439328,8.582723177943024,9.0993269544907
v1p7p5,Observed,0.95,2017,NO3,MT,16,3027.370919,1958.169059575,4092.389786875,327183.01,217054.93850000002,442818.7489999999,9.252836566910977,8.838562779576582,9.74022870312756
v1p7p5,Observed,0.95,2017,NO3,ST,20,2160.2041764,1384.0273886000002,2983.3498428749995,241513.35,155469.61250000002,332764.57999999996,8.944450385040827,8.519019080089459,9.263812482091764
v1p7p5,Observed,0.95,2020,NO3,CT,2,319.61745200000007,319.61745200000007,319.61745200000007,41508.76,41508.76,41508.76,7.700000000000001,7.700000000000001,7.700000000000001
v1p7p5,Observed,0.95,2020,NO3,ST,12,2059.273029,1100.0806792250003,3106.2519786999997,258637.96,138705.88475000003,390742.4255,7.961990687677864,7.875172880244385,8.047762675146755
v1p7p5,Observed,0.95,2021,NO3,CT,10,1153.512377,899.5546276749999,1405.906761,141406.26,111976.9465,171348.905,8.15743501737476,7.983202775516704,8.326774036985723
v1p7p5,Observed,0.95,2021,NO3,MT,11,923.170924,497.84050800000006,1438.1597358499998,113041.86,60508.07,175903.15475,8.166628928434122,8.1021836503762,8.226455691614497
v1p7p5,Observed,0.95,2021,NO3,ST,13,1451.4228170000001,761.9967116500003,2245.3136760499997,182034.84,92808.4015,285898.68875,7.973324320772881,7.734367166194443,8.39455954132452
v1p7p5,Observed,0.95,2023,NO3,CT,40,11119.5837532,9778.08949434,12572.637390429998,1647312.4000000001,1422298.99275,1904959.97225,6.750136618409477,5.685339762224403,7.850060244905543
v1p7p5,Observed,0.95,2023,NO3,MT,45,14856.9140847,13123.477333955003,17242.0640550875,2117365.43,1920870.1655,2340152.3205,7.0166981448733665,6.069930636539728,7.899919775864114
v1p7p5,Observed,0.95,2023,NO3,ST,41,11346.9963706,9437.229869682498,13683.550443069998,1541566.8599999999,1380736.39775,1707703.47375,7.360690389127852,6.44091788874717,8.386938497322332
v1p7p5,Observed,0.95,2024,NO3,CT,16,4640.18043786,3283.211801451501,5886.593300953,760759.5,654288.8715,878351.1032499999,6.099405183714433,4.025815589018518,8.008888930865046
v1p7p5,Observed,0.95,2024,NO3,MT,14,4727.73204588,2727.7387245670006,6748.108934924,852500.98,634129.4692500001,1086722.55225,5.545720364896238,3.008062583849683,8.448945847550826
v1p7p5,Observed,0.95,2024,NO3,ST,23,8424.10514605,6021.57772274625,11027.2610570625,1201750.75,988875.2880000001,1394792.0287499998,7.009860527276559,5.289625683781152,8.442834363923719
v1p7p5,Observed,0.95,2025,NO3,CT,44,270.55393323,244.94353343525,299.52382686299995,2008642.38,1897430.6135000002,2139569.9475000002,0.13469492425525742,0.12364730489417071,0.14586267040861103
v1p7p5,Observed,0.95,2025,NO3,MT,34,302.47620426,250.574702788,360.92689402099995,1833373.02,1684584.979,2000659.88775,0.16498344906373716,0.14359115585526022,0.1925000133967178
v1p7p5,Observed,0.95,2025,NO3,ST,44,374.22204343,337.82662781475,415.21024490175006,2371308.14,2184942.98575,2558109.72,0.15781249054793864,0.15028629375708613,0.16768605003199744
v1p7p5,Observed,0.95,2016,NPOC,CT,8,1866.277708615,1456.675638360625,2339.9208811450003,306451.77999999997,251269.13,369071.3562499999,6.089955518010044,5.036184796056099,7.606821679220175
v1p7p5,Observed,0.95,2016,NPOC,MT,8,275.70423431899997,177.936664044375,393.98873695237495,41283,26696.38,58045.99,6.678396296756533,6.333952165190734,7.008665336079127
v1p7p5,Observed,0.95,2016,NPOC,ST,8,930.3041608169999,566.7622709520001,1291.1794915949997,156399.24,96215.45999999999,216583.02,5.94826522697297,5.473539322349552,6.422490296006163
v1p7p5,Observed,0.95,2011,OP,CT,6,14.87160531,3.8382982020000016,33.70258268,82714.57,48912.02025,120176.10199999997,0.17979426490399453,0.07072578329434485,0.2853632071275089
v1p7p5,Observed,0.95,2011,OP,MT,3,11.99637347,4.978089600000001,25.524317520000004,87865,63065.67,110018.61000000002,0.13653187810846185,0.055,0.232
v1p7p5,Observed,0.95,2011,OP,ST,5,19.065763699999998,3.595016155000002,43.77823214,123379.26,52866.49,194526.29,0.15452972971308143,0.04324972178460161,0.3616686892421137
v1p7p5,Observed,0.95,2012,OP,CT,8,22.802293,11.614263000000001,35.38983299999999,96259,72451.9,120178,0.23688478999366291,0.14587236832639888,0.3263024783191573
v1p7p5,Observed,0.95,2012,OP,MT,7,40.323485,14.237101225000007,81.15296477499997,145992,113598.125,182345.85,0.2762033878568689,0.09717739674665406,0.4830484783276527
v1p7p5,Observed,0.95,2012,OP,ST,5,13.638691999999999,8.808561,18.228261,86096,53485,118734.34999999998,0.15841260918044972,0.08822575163162366,0.28750978608720107
v1p7p5,Observed,0.95,2014,OP,CT,18,111.36548535,73.76701480875,155.50019761874995,763970.82,628307.2482500001,912603.888,0.14577190965225612,0.1106263496429519,0.18466114901573155
v1p7p5,Observed,0.95,2014,OP,MT,5,4.0846654,0,12.2539962,6588.17,0,19764.510000000002,0.6199999999999999,0.6199999999999999,0.6199999999999999
v1p7p5,Observed,0.95,2014,OP,ST,18,107.07676123,24.348750782250004,259.35091118275005,343538.75,232712.31799999997,452731.43899999995,0.31168757885391385,0.0891436637780563,0.7278948429977701
v1p7p5,Observed,0.95,2015,OP,CT,20,25.90025854,19.101681284250002,32.699121663999996,436607.38,383289.50925,485216.412,0.05932162333124098,0.04508011549859583,0.07240978203136561
v1p7p5,Observed,0.95,2015,OP,MT,20,8.63901682,5.499385276000001,12.2834675795,186492.58,135764.86349999998,243162.20149999997,0.046323649015955495,0.03506987362513097,0.05424320729443711
v1p7p5,Observed,0.95,2015,OP,ST,19,9.80357893,7.256595472250001,12.649918348249999,154139.61,118580.03375,189440.32624999998,0.06360194456181639,0.055253728609561736,0.07096762650110491
v1p7p5,Observed,0.95,2016,OP,CT,8,18.37319832,13.580491426,24.763837257499997,306451.77999999997,251266.679,378205.0847499999,0.059954614458431275,0.049581587091154074,0.07172228888546099
v1p7p5,Observed,0.95,2016,OP,MT,8,1.33445719,0.8759263705000001,1.8530342869999994,41283,26696.38,58028.969999999994,0.03232461763922195,0.030794885221722086,0.03454095797807966
v1p7p5,Observed,0.95,2016,OP,ST,8,4.99087905,3.3926385645,6.753551613,156399.24,101825.58,216988.02,0.03191114643523844,0.0302551176649186,0.03491043355824218
v1p7p5,Observed,0.95,2017,OP,CT,22,22.066216920000002,10.005748181000003,34.93229300749999,1045125.5700000001,835578.976,1308622.9015000002,0.021113460002705704,0.00883671400694744,0.037282143860927895
v1p7p5,Observed,0.95,2017,OP,MT,16,5.3920813700000005,0.3426484800000011,12.738471995000001,327183.01,210950.39150000003,437163.292,0.01648032203750433,0.0010534423666058873,0.03358378576508439
v1p7p5,Observed,0.95,2017,OP,ST,20,3.9542339,0.7707886730000003,7.498443189,241513.35,157713.55950000003,336505.30525,0.016372734260859702,0.0032801358697449544,0.038217096708455606
v1p7p5,Observed,0.95,2020,OP,CT,2,0,0,0,41508.76,41508.76,41508.76,0,0,0
v1p7p5,Observed,0.95,2020,OP,ST,12,0,0,0,258637.96,138864.46275,397057.6032499999,0,0,0
v1p7p5,Observed,0.95,2021,OP,CT,10,21.42561728,2.67542216,45.410150306,141406.26,109388.92425000001,171766.71200000003,0.1515181667346269,0.020359599328872192,0.3458524667000122
v1p7p5,Observed,0.95,2021,OP,MT,11,12.710367799999998,2.6312197999999998,30.181460599999998,113041.86,63894.99650000001,176582.4665,0.1124394786143823,0.014599455232440337,0.31780744262471367
v1p7p5,Observed,0.95,2021,OP,ST,13,35.7712183,8.7617344,67.07763058249998,182034.84,93911.59975,286568.14225,0.19650753833716667,0.06661202703413038,0.31972648002546916
v1p7p5,Observed,0.95,2023,OP,CT,40,174.51145142000001,117.936632774,232.99597844274996,1647312.4000000001,1414726.8562500002,1898289.16725,0.10593707145044255,0.06946681390281995,0.15329907865072542
v1p7p5,Observed,0.95,2023,OP,MT,45,192.11294532,124.751577147,263.79921151274993,2117365.43,1920355.09625,2317325.065,0.09073206854047862,0.05783822007929477,0.12593663913823597
v1p7p5,Observed,0.95,2023,OP,ST,41,217.66742838,135.31592099650004,311.13722452875,1541566.8599999999,1384937.65225,1721275.362,0.14119882440908207,0.09098330123137083,0.19203210780724755
v1p7p5,Observed,0.95,2024,OP,CT,16,394.54912601,218.57251752049999,625.176293046,760759.5,633647.8015000001,880142.095,0.5186253027533668,0.3060293019692463,0.7998283289119216
v1p7p5,Observed,0.95,2024,OP,MT,14,338.82351299,227.5821563275,457.24402936075,852500.98,606851.8740000001,1093130.4555,0.3974464791700298,0.2993305329617911,0.5132588746100099
v1p7p5,Observed,0.95,2024,OP,ST,23,558.03453705,430.82634390350006,682.3158637170001,1201750.75,1011288.7805000001,1397013.30525,0.46435131165926047,0.38036853297142176,0.5509132273332502
v1p7p5,Observed,0.95,2025,OP,CT,44,444.89555249,310.73341089275004,613.3022726085,2008642.38,1884545.8534999997,2137655.54075,0.22149067296389516,0.16222588038051372,0.2973037798665303
v1p7p5,Observed,0.95,2025,OP,MT,34,315.77364287,212.38814623775,421.757759606,1833373.02,1651938.3597499998,2001262.6727500001,0.17223644038898314,0.11791420229614856,0.22310883607753332
v1p7p5,Observed,0.95,2025,OP,ST,44,484.03002773000003,365.335752219,602.49817470325,2371308.14,2188524.8240000005,2547724.29675,0.20411941390712723,0.15360754214266847,0.24999231699604868
v1p7p5,Observed,0.95,2020,Se,CT,2,0.292636758,0.282259568,0.30301394800000003,41508.76,41508.76,41508.76,0.007049999999999999,0.0068,0.0073
v1p7p5,Observed,0.95,2020,Se,ST,12,1.484268378,0.8160791767000003,2.315513813249999,258637.96,142800.25425,398577.42974999995,0.00573878783300023,0.005426011695639658,0.005944132115703975
v1p7p5,Observed,0.95,2021,Se,CT,10,1.058294391,0.6942516069000001,1.4620875143749998,141406.26,113245.55350000001,172383.2365,0.007484070302120994,0.005442168215710047,0.009429762356192837
v1p7p5,Observed,0.95,2021,Se,MT,11,0.685944746,0.36586752465000005,1.0629738616,113041.86,64608.06200000001,173950.37999999998,0.006068059619684248,0.004704875584922702,0.007453414781771146
v1p7p5,Observed,0.95,2021,Se,ST,13,1.3668267570000001,0.6689446950750001,2.1723068725249997,182034.84,92385.04250000001,290180.29449999996,0.0075085997658470216,0.006930148948423938,0.007967898065013008
v1p7p5,Observed,0.95,2023,TDS,CT,40,1769927.3126,1545345.6418275004,2009755.9714300002,1647312.4000000001,1402190.71925,1903609.7145,1074.4333088247256,995.8501796780215,1157.539441779302
v1p7p5,Observed,0.95,2023,TDS,MT,45,2429638.80148,2157173.1640919996,2710150.4914635,2117365.43,1901879.22025,2303011.2955,1147.4820392623487,1080.6180920474626,1225.6740172428324
v1p7p5,Observed,0.95,2023,TDS,ST,41,1754338.2496,1567118.6368375001,1952888.0181800001,1541566.8599999999,1398955.0750000002,1713575.12475,1138.0228098572384,1067.1702576445646,1197.3277619263567
v1p7p5,Observed,0.95,2024,TDS,CT,16,769757.47324,660900.0496185,880444.6938769998,760759.5,646897.54925,888735.15475,1011.8276186363759,846.3925614087561,1189.0034418759326
v1p7p5,Observed,0.95,2024,TDS,MT,14,850609.18194,640391.8149325,1043627.2314115,852500.98,622475.2447500001,1085300.0417499996,997.7808845920624,821.101481703666,1213.7290363345887
v1p7p5,Observed,0.95,2024,TDS,ST,23,1363783.8221200001,1065828.616558,1641799.0680855,1201750.75,980348.1517500001,1394329.24575,1134.830847511433,989.6059780232553,1250.5607489156748
v1p7p5,Observed,0.95,2025,TDS,CT,44,1332168.1347999999,1235695.652328,1447440.9738214999,2008642.38,1901681.5785,2149106.9645000002,663.2181756515563,638.7567969516854,694.7794970899452
v1p7p5,Observed,0.95,2025,TDS,MT,34,1190686.33008,1068767.4639445,1298576.555307,1833373.02,1654931.2362499998,1985393.9922499997,649.4512121052157,629.4361384842524,669.5695685097411
v1p7p5,Observed,0.95,2025,TDS,ST,44,1591490.4829,1463189.027029,1728101.9774925,2371308.14,2181254.81925,2568570.60525,671.1445282265171,651.0066341791653,691.0530238155953
v1p7p5,Observed,0.95,2013,TKN,CT,5,372.55719600000003,268.816837,496.64270200000004,84140,48014,120608,4.427825005942477,3.1842122851919568,6.740211674610642
v1p7p5,Observed,0.95,2013,TKN,MT,4,415.870051,270.076904,626.1156149999999,100647,91176,111910,4.131966685544526,2.568052107104823,6.333676748773456
v1p7p5,Observed,0.95,2013,TKN,ST,6,390.130206,236.48128300000002,541.9907765499999,109085,64552.47500000003,153351.30000000002,3.576387275977449,2.15958720393738,5.149466262265319
v1p7p5,Observed,0.95,2014,TKN,CT,6,1222.2297479,797.3473655,1678.6656743025,255791.43,164342.23625000002,351263.07525,4.778227901927754,4.221748241091574,5.5647109707492595
v1p7p5,Observed,0.95,2014,TKN,MT,1,32.1502696,32.1502696,32.1502696,6588.17,6588.17,6588.17,4.88,4.88,4.88
v1p7p5,Observed,0.95,2014,TKN,ST,6,505.9604577,239.18098229999998,884.4548326949998,108694.61,52125.5,163208.4135,4.654880841837512,2.99961727856729,6.2758045615689735
v1p7p5,Observed,0.95,2015,TKN,CT,12,316.12792589,214.43885785100002,443.257529178,264741.86,199527.6345,332128.192,1.194098756766308,0.8769662541070568,1.7621698093125269
v1p7p5,Observed,0.95,2015,TKN,MT,12,66.36010742,40.585216313000004,99.27553418,131198.49,91924.33800000002,183123.2725,0.5057993229952571,0.33799759315444006,0.7491900024671668
v1p7p5,Observed,0.95,2015,TKN,ST,12,47.66955290999999,33.878493685749994,62.41236965249999,115188.17,77577.47400000002,159851.93475,0.41384070004758294,0.2571113169112301,0.7131844839256413
v1p7p5,Observed,0.95,2016,TKN,CT,8,34.14011135,11.13404782,66.43223474774997,306451.77999999997,246738.09999999998,370598.44999999995,0.11140451313417074,0.04367861612444682,0.18518689142128225
v1p7p5,Observed,0.95,2016,TKN,MT,8,4.71139413,2.6081446865,7.20040808025,41283,27077.22475000001,58028.969999999994,0.11412431582007122,0.0893903917607268,0.12828077561971254
v1p7p5,Observed,0.95,2016,TKN,ST,8,16.79045073,7.221368373750002,27.579004959,156399.24,102220.45500000002,216583.02,0.10735634476228914,0.06663680767997711,0.13721884576380683
v1p7p5,Observed,0.95,2017,TKN,CT,24,5351.036626,2549.966618075,8370.68561705,1206699.65,953377.0802500001,1492792.769,4.434439527681972,2.6241883872658818,5.899661800382582
v1p7p5,Observed,0.95,2017,TKN,MT,17,614.9512767,218.0784871575001,1106.841541355,344083.04,224581.59525000007,453695.31049999996,1.787217634150175,0.6876309958342554,3.138697740857673
v1p7p5,Observed,0.95,2017,TKN,ST,22,167.0563664,48.49712709500002,364.00808419999976,269957.63,186071.62625000006,375860.58549999987,0.61882439255375,0.17463983900888394,1.4161061790095113
v1p7p5,Observed,0.95,2020,TKN,CT,2,62.26314000000001,49.810512,74.71576800000001,41508.76,41508.76,41508.76,1.5,1.2,1.8000000000000003
v1p7p5,Observed,0.95,2020,TKN,ST,12,355.634961,135.1674917000001,599.7239477499999,258637.96,143806.48525000006,383123.4922499999,1.3750300265282016,0.7781979857444317,1.7046935441141295
v1p7p5,Observed,0.95,2021,TKN,CT,10,787.6495080000001,638.1966179750001,915.84075525,141406.26,111415.48400000001,171341.2365,5.570117673715435,5.006873165990218,6.421490894668462
v1p7p5,Observed,0.95,2021,TKN,MT,11,288.5551318,167.65437725500001,431.23402003,113041.86,64695.3985,180882.008,2.5526396310181028,1.6180086425971842,4.296181298684988
v1p7p5,Observed,0.95,2021,TKN,ST,13,607.702709,240.79666062500007,1032.8685206999999,182034.84,90963.18325000003,285943.7462499999,3.3383868110082666,2.2658214379341786,4.151209263714446
v1p7p5,Observed,0.95,2023,TKN,CT,40,3540.988195,2425.3115676775,4795.4070196474995,1647312.4000000001,1400762.0375,1882744.0514999996,2.1495547505136243,1.4852256511935333,2.972907097805179
v1p7p5,Observed,0.95,2023,TKN,MT,45,6649.0157558,3523.7123052950005,10616.807237845,2117365.43,1926711.3925,2334858.6645,3.140230619425953,1.6224392779963683,4.86987483785105
v1p7p5,Observed,0.95,2023,TKN,ST,41,4010.7826098,2681.7302728249997,5496.932088414999,1541566.8599999999,1354320.75,1705126.4569999997,2.601757156222209,1.6910093660937844,3.734904420106381
v1p7p5,Observed,0.95,2024,TKN,CT,16,778.2196911,631.2278791849999,985.7005003024999,760759.5,643640.124,880685.3242499998,1.022950999757479,0.8490817541327097,1.2549982833781284
v1p7p5,Observed,0.95,2024,TKN,MT,14,1071.5197556,469.75906767000026,1776.344516845,852500.98,586994.0457500002,1112396.5255,1.2569132244281995,0.5681260276577997,2.080295424038799
v1p7p5,Observed,0.95,2024,TKN,ST,23,1896.4265947000001,1299.46738126,2469.8373192775,1201750.75,1000371.5525000001,1406642.49025,1.5780531817433856,1.1970374874812841,1.9437111201916575
v1p7p5,Observed,0.95,2025,TKN,CT,44,1404.008197,969.344157525,1939.094558775,2008642.38,1889942.6542500001,2142611.52575,0.6989836573098693,0.49861955137950814,0.9256595646835665
v1p7p5,Observed,0.95,2025,TKN,MT,34,790.383546,417.71574940000005,1183.0699587,1833373.02,1662132.1947500003,1994232.5474999999,0.4311089654848308,0.225426436931853,0.658792953972173
v1p7p5,Observed,0.95,2025,TKN,ST,44,1458.772994,953.7698910750001,2038.35403935,2371308.14,2191445.91775,2548848.34025,0.6151764797636126,0.4143369461314432,0.8322632142148898
v1p7p5,Observed,0.95,2011,TN,CT,6,453.84580454,166.09193031,736.7769699700001,82714.57,51598.58800000001,123546.19,5.4868906957988175,2.3196656707242065,9.015294071266286
v1p7p5,Observed,0.95,2011,TN,MT,3,546.69495822,489.4819737600001,640.1165505,87865,63065.67,110018.61000000002,6.22198780196893,4.639999999999999,10.15
v1p7p5,Observed,0.95,2011,TN,ST,5,504.37529006,317.03650841,682.8302149399999,123379.26,52232.229999999996,192876.03,4.088007093412621,3.4326746340123235,6.3578778398856155
v1p7p5,Observed,0.95,2012,TN,CT,10,266.60769700000003,134.77061730000003,426.935514175,96259,55936.37500000001,133339.8,2.769691114597077,1.757074838008126,3.9793671333150598
v1p7p5,Observed,0.95,2012,TN,MT,7,470.78250599999996,148.248714,951.0723392499999,145992,113659.82500000001,181871,3.2247144090087123,1.0989056480232455,5.738949351560519
v1p7p5,Observed,0.95,2012,TN,ST,5,191.461901,84.67681900000001,305.03220600000003,86096,53485,117640.34999999998,2.223818772068389,1.4657275965839773,2.9388751106007205
v1p7p5,Observed,0.95,2014,TN,CT,19,7010.87967608,3966.0999360745,11703.306751027498,780160.4,634156.3565,929130.3065,8.986459292319886,5.6649828970315665,13.595526634563646
v1p7p5,Observed,0.95,2014,TN,MT,5,32.8749683,0,98.62490489999999,6588.17,0,19764.510000000002,4.99,4.989999999999999,4.99
v1p7p5,Observed,0.95,2014,TN,ST,18,1804.09005134,1148.4223629775001,2568.8403171004993,343538.75,239702.6305,446696.658,5.251489246380503,3.8732749529769768,6.538163354399729
v1p7p5,Observed,0.95,2015,TN,CT,20,3888.88278456,3376.8421328562504,4323.7045951397495,436607.38,379380.4755,483478.369,8.907047756636638,8.653443668620017,9.191457743971316
v1p7p5,Observed,0.95,2015,TN,MT,20,1703.43855143,1266.068936776,2158.09653323425,186492.58,139465.26975,240743.84924999997,9.1340821786582609,8.77965190681844,9.560385990383184
v1p7p5,Observed,0.95,2015,TN,ST,19,1384.59870332,1088.76976265425,1713.0290203247498,154139.61,117718.12550000001,194150.27,8.982757276471634,8.746077445544154,9.325586778176786
v1p7p5,Observed,0.95,2016,TN,CT,8,1444.3362117499998,1133.290194215,1743.2833648309997,306451.77999999997,246629.72625000004,366165.45999999996,4.713094542149502,4.506378071391371,4.8636349453936845
v1p7p5,Observed,0.95,2016,TN,MT,8,197.27692735999997,124.10439138450002,288.5939564025,41283,26696.38,59814.729999999996,4.7786480478647375,4.620598249899291,4.871337682796399
v1p7p5,Observed,0.95,2016,TN,ST,8,752.72358918,463.86333848025,1043.25428825925,156399.24,97015.33499999999,210972.9,4.812834059679575,4.618686455311855,4.925846614974572
v1p7p5,Observed,0.95,2011,TP,CT,6,216.55367106999998,106.55826759,335.39699054274996,82714.57,47086.926,122600.56975000001,2.6180837435291022,2.0506986971689023,2.9377279973322215
v1p7p5,Observed,0.95,2011,TP,MT,3,158.76655615,98.13018252,210.90567537000004,87865,63065.67,110018.61000000002,1.806937417060263,1.556,1.917
v1p7p5,Observed,0.95,2011,TP,ST,5,194.80309969,48.40377106,350.72716828149953,123379.26,52850.63350000001,194526.29,1.5788966451087485,0.8356107005917857,2.0486897660228034
v1p7p5,Observed,0.95,2012,TP,CT,10,220.15028,133.58742017500018,324.80983912500005,96259,58661.150000000016,136424.375,2.2870617812360403,1.7532086022641413,2.913628776925437
v1p7p5,Observed,0.95,2012,TP,MT,7,261.10265,174.11628450000006,380.79201514999994,145992,112863.35,181541.97499999998,1.7884723135514273,1.2056404599243182,2.419241645024056
v1p7p5,Observed,0.95,2012,TP,ST,5,211.98380899999998,90.491884,409.71091699999994,86096,59082.850000000064,118707,2.4621795321501576,1.0594614011787113,4.1225704912533425
v1p7p5,Observed,0.95,2013,TP,CT,5,74.035476,15.977452,161.06253929999997,84140,48014,128438,0.8799082006180177,0.21907327373443755,1.5032205913685754
v1p7p5,Observed,0.95,2013,TP,MT,4,64.156099,29.523076,87.766343,100647,91176,111910,0.6374367740717557,0.31009721519544226,0.8556502887182565
v1p7p5,Observed,0.95,2013,TP,ST,6,23.151475,10.6320651,41.673619,109085,64612,162804.19999999995,0.21223335013979927,0.09741777723992921,0.5118999211572138
v1p7p5,Observed,0.95,2014,TP,CT,19,1108.15136542,748.2130701875001,1529.1668348795,780160.4,618283.9145000002,946688.7492499999,1.420414783190739,1.1346213804220782,1.7091219247808684
v1p7p5,Observed,0.95,2014,TP,MT,5,5.5340628,0,16.6021884,6588.17,0,19764.510000000002,0.84,0.8399999999999999,0.84
v1p7p5,Observed,0.95,2014,TP,ST,18,371.32309974,197.54243050400004,565.5377183514998,343538.75,241317.242,449982.95174999995,1.0808769017760005,0.7317150357155823,1.4401825974287568
v1p7p5,Observed,0.95,2015,TP,CT,12,341.62265682,192.02774125475,500.38705427525,264741.86,195640.081,331226.61475,1.2903990960099774,0.8757295250565591,1.7521470085006339
v1p7p5,Observed,0.95,2015,TP,MT,12,48.56972512,28.83354878975,68.90636086349998,131198.49,85653.17550000001,186092.3655,0.37020033629960225,0.291862090538101,0.4646387222253706
v1p7p5,Observed,0.95,2015,TP,ST,12,27.75253792,15.614443211500001,38.995694906249994,115188.17,74646.491,154732.4435,0.240932188782928,0.1966442447689439,0.2869477158894355
v1p7p5,Observed,0.95,2016,TP,CT,8,4.50794256,1.45856331825,9.211481022249993,306451.77999999997,246833.68899999998,373563.23,0.014710120332797548,0.00432725542559256,0.035112270822922
v1p7p5,Observed,0.95,2016,TP,MT,8,2.29707928,0.32118188750000065,5.3344997805,41283,27086.99,58055.32974999999,0.055642256618947276,0.0072423815928668355,0.14165815830599449
v1p7p5,Observed,0.95,2016,TP,ST,8,1.50129951,0.8929530502500002,2.1855074932499994,156399.24,102220.45500000002,217128.27299999987,0.009599148371820734,0.005850298962758084,0.015166347489563081
v1p7p5,Observed,0.95,2017,TP,CT,24,344.9400372,240.30914174250006,469.60042698999996,1206699.65,933583.42775,1529548.4165,0.28585409567326886,0.23965508968046773,0.3291213304573633
v1p7p5,Observed,0.95,2017,TP,MT,18,79.17601134,44.35211508850001,125.56027407,352807.47000000003,239788.22175,462137.0955,0.22441704916281957,0.14512782167824026,0.34570621361377296
v1p7p5,Observed,0.95,2017,TP,ST,22,48.75590192,28.5993402255,70.81549579749998,269957.63,186433.19350000002,365384.4672499999,0.18060575624404465,0.14591807460565248,0.20845494904133818
v1p7p5,Observed,0.95,2020,TP,CT,2,16.3959602,15.773328800000002,17.0185916,41508.76,41508.76,41508.76,0.395,0.38,0.41
v1p7p5,Observed,0.95,2020,TP,ST,12,59.569797619999996,21.179614160499998,106.10950754399997,258637.96,150970.8835,381582.4437499999,0.23032117025667848,0.12353928396957423,0.2920440053030614
v1p7p5,Observed,0.95,2021,TP,CT,10,170.51216323000003,65.60332921975002,275.29212311175,141406.26,110955.64,172326.71224999998,1.205831787291454,0.4628562671790046,1.9759597437690626
v1p7p5,Observed,0.95,2021,TP,MT,11,162.9203538,41.513168665000016,358.36856529999983,113041.86,62746.766000000054,174358.50624999998,1.4412391462773169,0.3111811658063946,3.533323268233571
v1p7p5,Observed,0.95,2021,TP,ST,13,228.91651183,77.958904745,438.55154968749997,182034.84,93192.526,290616.564,1.2575423025064874,0.662222091988535,1.6733487339575723
v1p7p5,Observed,0.95,2023,TP,CT,40,1542.78662549,1254.2592605865004,1880.99277798375,1647312.4000000001,1418126.5755,1911691.119,0.9365476915550444,0.8172779332675109,1.0565805025518895
v1p7p5,Observed,0.95,2023,TP,MT,45,1526.26177838,1240.328713966,1842.5446823334998,2117365.43,1919790.34225,2309801.1975,0.7208305929411531,0.5918316751933607,0.8492910606387771
v1p7p5,Observed,0.95,2023,TP,ST,41,988.94744292,769.0148213265,1210.7699464239997,1541566.8599999999,1368752.22525,1704149.6607499996,0.6415209541543985,0.4993008578398751,0.7970028076232509
v1p7p5,Observed,0.95,2024,TP,CT,16,722.34702986,337.50493691725,1362.52587635375,760759.5,647535.4450000001,888865.3775,0.9495077351778058,0.43877132242950967,1.8906065287965201
v1p7p5,Observed,0.95,2024,TP,MT,14,554.37710909,348.32765419075,798.68870186425,852500.98,621571.809,1088754.1175,0.6502949815846545,0.4818921878713101,0.8356059536960769
v1p7p5,Observed,0.95,2024,TP,ST,23,3019.6205966800003,1554.5617610040001,4772.324262280499,1201750.75,998758.4385000002,1409310.35875,2.5126845951042682,1.3587270845528125,3.8972528719008985
v1p7p5,Observed,0.95,2025,TP,CT,44,3744.13896544,2957.8745694134996,4757.626067628,2008642.38,1904900.43925,2128123.26475,1.864014720947987,1.5067517272064825,2.3683383175083095
v1p7p5,Observed,0.95,2025,TP,MT,34,3114.50531337,1386.8867062405009,6653.698784283498,1833373.02,1677815.27975,1993531.386,1.6987843059728236,0.7566731773864126,3.4214785775019045
v1p7p5,Observed,0.95,2025,TP,ST,44,5918.86649709,4248.801556858501,7762.876894892501,2371308.14,2206015.39125,2545328.40025,2.4960343184627196,1.818038297929996,3.2914823878890287
v1p7p5,Observed,0.95,2014,TSP,CT,6,85.30885459000001,21.826891582250017,188.4227487295,255791.43,157746.11625,357233.59,0.3335094322354741,0.1298643061833541,0.5891969459633195
v1p7p5,Observed,0.95,2014,TSP,MT,1,4.400897560000001,4.400897560000001,4.400897560000001,6588.17,6588.17,6588.17,0.668,0.668,0.668
v1p7p5,Observed,0.95,2014,TSP,ST,6,11.68938528,6.38858292,17.57680554,108694.61,55621.340000000004,169201.63,0.10754337570188623,0.1010435442029328,0.11944323436507427
v1p7p5,Observed,0.95,2015,TSP,CT,8,41.70783908,1.8436105835000005,84.36333787299999,166233.44,127478.73550000001,194516.93725,0.25089921185532826,0.013400270991454306,0.49738874359466617
v1p7p5,Observed,0.95,2015,TSP,MT,8,7.58061984,0.5620838710000005,16.4999628845,76088.88,41153.26425,111942.39224999999,0.09962848500332767,0.00870709357623069,0.2489033292040026
v1p7p5,Observed,0.95,2015,TSP,ST,9,0.32473482,0.12000100200000005,0.5464805709999999,63572.11,41051.369999999995,87942.03099999999,0.005108133425176543,0.0029324016034922113,0.00695985839663335
v1p7p5,Observed,0.95,2016,TSP,CT,8,1.7431496489999998,0.80556342,2.9987545717499993,306451.77999999997,251269.13,375031.43999999994,0.0056881694372928745,0.00228993559348606,0.011065601772457788
v1p7p5,Observed,0.95,2016,TSP,MT,8,0.34285284,0.14974683275,0.6331002774999999,41283,27086.99,58454.45874999996,0.008304940047961631,0.003811065776109889,0.016177553061356702
v1p7p5,Observed,0.95,2016,TSP,ST,8,1.02298599,0.55578508725,1.5145813402499997,156399.24,102371.01,216583.02,0.006540862922351797,0.0033724702324699194,0.011625411706273627
v1p7p5,Observed,0.95,2011,TSS,CT,10,206795.42443433,145625.52308344352,261774.75664042478,167702.97,120705.55875000001,217145.58925,1233.105319687123,1127.5837935181903,1353.8969098546925
v1p7p5,Observed,0.95,2011,TSS,MT,6,198024.10184672,121693.28137383999,274354.9223196,170432.34,134552.98,203639.49,1161.8927595943353,836.9506202396835,1438.669373602993
v1p7p5,Observed,0.95,2011,TSS,ST,11,248977.93151761,99924.0945344675,471935.33993570384,279839.82,191427.19275000002,359148.4455,889.7158793112789,446.7018342672012,1446.176960766574
v1p7p5,Observed,0.95,2012,TSS,CT,14,143882.17818,89818.47800400003,192117.06610349996,150399,91059.82500000001,203175.8,956.6697795863003,804.1013092527223,1140.5441182392249
v1p7p5,Observed,0.95,2012,TSS,MT,13,141179.07876,85762.30116000002,202967.19593400002,186968,98481.45000000006,287231.44999999995,755.0975501690128,603.0635050919307,992.5239323853953
v1p7p5,Observed,0.95,2012,TSS,ST,14,129553.959147,81293.93516700003,177714.651402825,178157,113457.05,240960.44999999995,727.1898333885281,632.7826046752514,849.1953237084724
v1p7p5,Observed,0.95,2013,TSS,CT,5,150572.80213399997,47354.250868,260731.7233424996,84140,49567.175000000025,120608,1789.5507741145707,649.293189107662,3084.763816273681
v1p7p5,Observed,0.95,2013,TSS,MT,4,121265.28823199999,90951.380321,167404.531425,100647,91176,114385,1204.8574545888102,926.2741139319945,1648.6066145052416
v1p7p5,Observed,0.95,2013,TSS,ST,6,39626.853475,18180.5245,64838.116511249995,109085,64612,162544,363.265833753495,173.93179948712498,665.8115696650292
v1p7p5,Observed,0.95,2014,TSS,CT,19,1229782.6003274599,664743.1628980523,1946539.3201504503,806009.68,624329.2065000001,956838.63125,1525.766539587291,939.7198153491338,2185.3621953388483
v1p7p5,Observed,0.95,2014,TSS,MT,5,1712.9242,0,5138.7726,6588.17,0,19764.510000000002,260,260,260
v1p7p5,Observed,0.95,2014,TSS,ST,18,302393.5743032,182427.3356081308,432154.7465545637,307559.29,213948.50674999997,400696.8709999999,983.2041630191045,759.5004127882477,1261.0421256957193
v1p7p5,Observed,0.95,2015,TSS,CT,22,795666.01792793,524166.17656592425,1063945.7126157444,483045.55,399729.01925,558967.4307499999,1647.1863117834955,1206.2016453590277,2100.791861786919
v1p7p5,Observed,0.95,2015,TSS,MT,22,62680.94300172,36851.70778658525,89386.80028520575,224444.78,164497.388,290037.2907499999,279.27111070134936,204.8818739766916,340.69738170968685
v1p7p5,Observed,0.95,2015,TSS,ST,21,20526.18592737,12483.91827284025,28269.656248546995,190838.98,144317.086,232516.95375,107.5576170411831,80.73394609848091,134.90371098918635
v1p7p5,Observed,0.95,2016,TSS,CT,8,331827.64641037997,178304.21449712547,593991.5623911223,306451.77999999997,251364.71899999998,369071.3562499999,1082.8054136620776,678.4604911713358,1749.8596101958362
v1p7p5,Observed,0.95,2016,TSS,MT,8,10009.679219149999,6027.483619707003,14857.054709709499,41283,28069.3525,58045.99,242.4649182266308,179.21758100651985,298.30680966091745
v1p7p5,Observed,0.95,2016,TSS,ST,8,58208.28327177,42906.252833377504,75419.40430763774,156399.24,90464.91,210427.47,372.17753277937925,255.0545846547751,578.1508550407101
v1p7p5,Observed,0.95,2017,TSS,CT,30,4663713.78894883,2929558.696936401,6579504.085642665,1388224.47,1119711.1812500004,1686904.8905,3359.4810419591804,2499.903850039906,4337.368004430642
v1p7p5,Observed,0.95,2017,TSS,MT,24,210448.99512223,108277.92178211526,362890.70880348503,384858.86,257105.5485,527026.583,546.8212297937743,333.9969303904129,836.2687180248964
v1p7p5,Observed,0.95,2017,TSS,ST,27,261018.02974025,136690.9032154803,413144.7673598425,325824.24,225515.22550000003,423869.5405,801.1007092052145,482.1440494172325,1110.3560206009313
v1p7p5,Observed,0.95,2020,TSS,CT,2,27326.607251460002,23106.556902920005,31546.657600000002,41508.76,41508.76,41508.76,658.3335,556.667,760
v1p7p5,Observed,0.95,2020,TSS,ST,10,30814.40986972,5608.03484017025,64623.528464834235,230065.68,110943.19525000002,367412.56774999993,133.9374472095099,46.67843448901661,190.15917852424045
v1p7p5,Observed,0.95,2021,TSS,CT,10,318404.12117874454,242458.6431158155,416520.61063040886,141406.26,109088.89,174489.259,2251.6974932987023,2003.8125857255425,2567.076697232741
v1p7p5,Observed,0.95,2021,TSS,MT,11,77071.96446289,39040.46099622451,122640.85397072944,113041.86,59640.7195,174714.703,681.8002150963368,395.90566684081,1187.5515372798327
v1p7p5,Observed,0.95,2021,TSS,ST,13,205495.97958025002,61079.10979590626,389070.78060486424,182034.84,89691.14925000005,293714.15749999986,1128.8826885021024,584.2747620241734,1432.5105387503431
v1p7p5,Observed,0.95,2023,TSS,CT,38,2063419.03671548,1476238.473746009,2745547.8727084086,1553625.2,1327358.41675,1793498.236,1328.1318021331529,1058.3436424530137,1597.8615059802828
v1p7p5,Observed,0.95,2023,TSS,MT,44,3234514.54658183,1700617.817111809,5674601.988983926,2067735.85,1872079.2419999999,2271313.83775,1564.2784094408528,829.4053581828487,2834.3919970397405
v1p7p5,Observed,0.95,2023,TSS,ST,41,3373758.97261912,1882845.953211686,5337540.414346089,1541566.8599999999,1369062.3035,1699065.0007499997,2188.5258824382877,1291.8297123559191,3407.3641465014393
v1p7p5,Observed,0.95,2024,TSS,CT,16,1382770.27808514,452564.7310389156,2993544.547465951,760759.5,634144.8650000001,881106.4627499998,1817.6181540751577,578.061644310791,4318.468977677778
v1p7p5,Observed,0.95,2024,TSS,MT,14,1034668.60173714,579281.1400971487,1519832.4768815534,852500.98,615314.73825,1100694.8495000002,1213.6861141639274,726.0040142716999,1747.1833074213866
v1p7p5,Observed,0.95,2024,TSS,ST,23,4957069.42679291,2389464.6142657413,8190825.323684212,1201750.75,1011634.8867500001,1406827.9840000002,4124.873170907454,2138.8868289022766,6764.839267858014
v1p7p5,Observed,0.95,2025,TSS,CT,44,2894386.5901181,2311283.701184654,3503775.7618238777,2008642.38,1876885.3642499999,2135459.82475,1440.966604577018,1173.6260318970212,1710.2222264540346
v1p7p5,Observed,0.95,2025,TSS,MT,35,2212940.3905078764,965090.183817978,4358649.111287103,1835872.6199999999,1622327.00975,2019678.7419999999,1205.388852363775,546.0576079797062,2397.2400769448914
v1p7p5,Observed,0.95,2025,TSS,ST,45,4064735.80670243,3078079.292686105,5158867.991348897,2371395.56,2178020.548,2585899.3164999997,1714.0690803614516,1320.282379059253,2174.299440202267
