Year,Treatment,Analyte,mean,median,low,high,n_events,n_draws
2011,CT,ICP,42738.75200552155,42736.075232966585,42549.94189445899,42936.84965951902,12,2000
2011,CT,Nitrate,1559256.179000559,1548720.1876787944,1189947.167980943,1975667.043288247,12,2000
2011,CT,OrthoP,63525.3973768946,63527.321117563515,63151.9725435882,63905.70807027856,12,2000
2011,CT,TSS,264183713.2419564,264174547.78245136,263062300.0000599,265391736.7109549,12,2000
2011,CT,TotalN,844932.6168103826,840061.9992448362,655856.3664924327,1052988.905651129,12,2000
2011,CT,TotalP,484038.039673363,476917.62437005807,348536.2710618875,648238.6933059553,12,2000
2011,MT,ICP,60291.57100190398,60288.35111491798,59911.38190134983,60688.146323208806,12,2000
2011,MT,Nitrate,2573811.7037989786,2568793.119572831,2089777.3058770422,3118030.79135145,12,2000
2011,MT,OrthoP,98247.0328678725,98237.14170207747,97500.03363103015,99020.89654154262,12,2000
2011,MT,TSS,404008353.7871371,404038136.9548979,401206046.91844064,406654451.0371049,12,2000
2011,MT,TotalN,1220433.0470992948,1219073.7809262355,1011020.5403786778,1452019.8467359573,12,2000
2011,MT,TotalP,546896.4737860744,541775.0689510794,432429.90767688304,702018.7636352497,12,2000
2011,ST,ICP,53557.763754234526,53560.0763935023,53428.7539241263,53685.24597898212,12,2000
2011,ST,Nitrate,2058403.4054186651,2047429.9964192137,1676391.1532653035,2505101.0503627243,12,2000
2011,ST,OrthoP,67614.56273002356,67613.52595991833,67491.82285402055,67739.28259594773,12,2000
2011,ST,TSS,266349618.71517542,266346082.00433475,265920632.59615168,266786137.55185544,12,2000
2011,ST,TotalN,920974.2996574183,912416.147004346,757082.7342787279,1117256.5281337486,12,2000
2011,ST,TotalP,380475.7810777742,380474.9701212011,379925.266289949,381059.85573379934,12,2000
2012,CT,ICP,54839.08747263792,54837.83705690154,54637.487068011396,55045.30881756347,16,2000
2012,CT,Nitrate,1365347.1251861393,1357022.977577507,1128454.0170642552,1649546.4955184732,16,2000
2012,CT,OrthoP,59437.65495075562,59436.48042538371,59198.536359708676,59689.622345706804,16,2000
2012,CT,TSS,205648797.49285436,205392742.23416108,197860184.0276795,216124506.29661244,16,2000
2012,CT,TotalN,620757.4297496947,613884.9529732235,459356.2939632633,812598.2105264217,16,2000
2012,CT,TotalP,347079.33813059557,341774.23440099705,318428.51926753524,393967.88350852486,16,2000
2012,MT,ICP,92022.38004463163,92024.80813559348,91730.06747611867,92314.47319091651,18,2000
2012,MT,Nitrate,2775955.866579795,2759983.305567651,2453580.440966801,3163335.0179616963,18,2000
2012,MT,OrthoP,98352.54408991644,98347.13193756598,97790.77477083326,98927.3896497318,18,2000
2012,MT,TSS,249495662.86247137,248691011.28061047,234394259.27724272,270650430.6922347,18,2000
2012,MT,TotalN,804994.4028716462,796519.5292991593,742485.4944973574,891498.2015067613,18,2000
2012,MT,TotalP,409787.9619209169,409792.32758688915,408403.4357707481,411153.48722750007,18,2000
2012,ST,ICP,58789.131538411566,58782.57928134966,58617.85173256773,58969.798110343676,16,2000
2012,ST,Nitrate,1633783.0808708484,1625727.7024838242,1406017.6689320998,1905594.6851946288,16,2000
2012,ST,OrthoP,39611.50048923841,39609.918489614145,39543.7158630752,39682.736171698096,16,2000
2012,ST,TSS,171818340.29859015,171405056.26936072,164385428.62079814,181943571.22908425,16,2000
2012,ST,TotalN,475921.2647909362,473198.59682993044,360347.59566308785,606749.2998322208,16,2000
2012,ST,TotalP,340114.59591475764,340112.09868335066,339377.3823410149,340858.29084885976,16,2000
2013,CT,ICP,28719.18587742632,28719.43239791956,28684.369474270923,28752.972406016102,14,2000
2013,CT,Nitrate,1795451.8705462443,1785470.1073556026,1402270.2591215887,2264376.903930205,14,2000
2013,CT,TKN,1106074.227333461,1101192.3945664458,811665.7002917787,1437779.693489547,14,2000
2013,CT,TSS,300606677.4226089,297986160.4702736,248337643.901585,362928177.796726,14,2000
2013,CT,TotalP,177148.8228840316,177149.7435307438,176791.06793647812,177506.72704104174,14,2000
2013,MT,ICP,62413.454405800476,62413.02202400223,62198.783389467055,62638.204605463616,14,2000
2013,MT,Nitrate,2861808.3848916646,2850989.460551459,2299760.1263903775,3478308.2583808014,14,2000
2013,MT,TKN,1732042.134060761,1727125.8813209485,1344348.9554075277,2154313.9162743567,14,2000
2013,MT,TSS,283662698.1965267,282553270.840663,238804879.53489682,331670147.38932085,14,2000
2013,MT,TotalP,255036.59317869323,255024.2400118534,253951.18727858056,256142.52637708146,14,2000
2013,ST,ICP,21313.20077551695,21312.973104953737,21280.755476564285,21346.095460395627,14,2000
2013,ST,Nitrate,1698778.3436346154,1688104.203239683,1386566.894483164,2055011.7250834475,14,2000
2013,ST,TKN,938918.9624537491,931976.1023299135,700446.654409728,1213714.7093863885,14,2000
2013,ST,TSS,89266610.905213,88938245.87062173,72164343.38822319,109328382.80168146,14,2000
2013,ST,TotalP,89198.55587968059,89201.62852788919,88854.06307824532,89535.9172901978,14,2000
2014,CT,Nitrate,8130160.666768218,8090639.548407102,7742008.210474742,8652238.0115001,25,2000
2014,CT,OrthoP,150018.8570184538,150019.9772090803,149788.8417173698,150250.62294324473,25,2000
2014,CT,TKN,3928729.8737665615,3902813.0873073144,3105278.54451887,4823339.181975994,25,2000
2014,CT,TSP,207688.44825184403,207686.56910403594,207511.99924902825,207869.27722983592,25,2000
2014,CT,TSS,1322374791.4499228,1318073426.859816,1282571850.6805859,1375488471.3197923,25,2000
2014,CT,TotalN,7755063.945158318,7725762.271765183,7395083.2737564705,8236932.997380142,25,2000
2014,CT,TotalP,1241255.679976851,1241259.3418333782,1240636.1019950055,1241869.4084479786,25,2000
2014,MT,Nitrate,795601.4419382369,781945.4475254912,486976.7112653054,1220311.9295060104,8,2000
2014,MT,OrthoP,49631.49777147945,49635.26475597764,49374.88441578795,49897.17002309083,8,2000
2014,MT,TKN,424097.5818745033,411908.061229292,238144.41274027553,666874.1488020438,8,2000
2014,MT,TSP,39971.31787960756,39972.42976339338,39756.79405347419,40194.54879958553,8,2000
2014,MT,TSS,60102372.34526401,58864130.03672889,35841834.654777095,92796785.86339808,8,2000
2014,MT,TotalN,454451.0510978116,441781.0462632153,265858.17099387525,694210.1953983002,8,2000
2014,MT,TotalP,102892.91820496331,102885.49355092233,102463.85013308522,103327.76069093133,8,2000
2014,ST,Nitrate,3387045.089095791,3383472.7835391536,3222582.061542549,3578702.4018093534,24,2000
2014,ST,OrthoP,123443.3006335843,123442.22927459095,123328.0727951698,123560.47466966692,24,2000
2014,ST,TKN,1675739.0852134356,1669351.449712106,1300624.9966222679,2086838.329506479,24,2000
2014,ST,TSP,61612.83584841527,61611.615729871744,61514.71383250838,61714.302778109886,24,2000
2014,ST,TSS,383044991.0025277,381629986.90565395,348022040.0794897,428970583.66804355,24,2000
2014,ST,TotalN,2081499.7310025834,2077519.2685713603,1961604.915980405,2234216.2376068938,24,2000
2014,ST,TotalP,422805.76016829687,422806.9189388538,422544.23976183217,423075.7339433147,24,2000
2015,CT,Ammonium(NH4),38265.384054000664,38265.384054000664,38265.384054000664,38265.384054000664,22,2000
2015,CT,Nitrate,3734463.8393541137,3714346.6149269557,3580887.583774992,3967198.2897268957,22,2000
2015,CT,OrthoP,33675.02164550066,33675.021645500645,33675.021645500645,33675.021645500645,22,2000
2015,CT,TKN,578775.4213201916,575212.1665690421,481346.11232618557,687069.8162831359,22,2000
2015,CT,TSP,72144.51927956729,72144.51927956726,72144.51927956726,72144.51927956726,22,2000
2015,CT,TSS,795666017.9279304,795666017.9279301,795666017.9279301,795666017.9279301,22,2000
2015,CT,TotalN,4197622.692887804,4156807.3782452303,3998527.041284947,4523177.132837114,22,2000
2015,CT,TotalP,533181.459186943,533181.4591869428,533181.4591869428,533181.4591869428,22,2000
2015,MT,Ammonium(NH4),20999.557418252858,20999.55741825285,20999.55741825285,20999.55741825285,22,2000
2015,MT,Nitrate,1721912.919679846,1708979.779300631,1601455.798333575,1893253.677777206,22,2000
2015,MT,OrthoP,12212.624510130854,12212.624510130856,12212.624510130856,12212.624510130856,22,2000
2015,MT,TKN,121081.3322488373,121081.33224883734,121081.33224883734,121081.33224883734,22,2000
2015,MT,TSP,18845.56621111458,18845.56621111458,18845.56621111458,18845.56621111458,22,2000
2015,MT,TSS,62680943.001719974,62680943.00171999,62680943.00171999,62680943.00171999,22,2000
2015,MT,TotalN,1886808.4240490552,1876324.7477163011,1765948.8784389698,2047752.1966425022,22,2000
2015,MT,TotalP,80395.71083716767,80395.71083716766,80395.71083716766,80395.71083716766,22,2000
2015,ST,Ammonium(NH4),14240.703290458117,14240.703290458114,14240.703290458114,14240.703290458114,22,2000
2015,ST,Nitrate,1448165.1261003742,1441232.3566741282,1327800.988355781,1600900.466230716,22,2000
2015,ST,OrthoP,12473.001176214279,12473.001176214275,12473.001176214275,12473.001176214275,22,2000
2015,ST,TKN,84840.45835909597,83954.11109108558,79768.36237633365,93197.5956475243,22,2000
2015,ST,TSP,6005.8359930267015,6005.8359930267,6005.8359930267,6005.8359930267,22,2000
2015,ST,TSS,20667386.875912245,20653846.12409603,20583184.264474787,20805395.608555015,22,2000
2015,ST,TotalN,1600695.3386681473,1593256.3466614247,1472958.9422328204,1762226.2791162068,22,2000
2015,ST,TotalP,50162.48129789197,50162.48129789199,50162.48129789199,50162.48129789199,22,2000
2016,CT,Ammonium(NH4),49579.43183999998,49579.43184,49579.43184,49579.43184,8,2000
2016,CT,NPOC,1866277.7086150004,1866277.708615,1866277.708615,1866277.708615,8,2000
2016,CT,Nitrate,1523550.0858099994,1523550.0858099998,1523550.0858099998,1523550.0858099998,8,2000
2016,CT,OrthoP,18373.198319999996,18373.19832,18373.19832,18373.19832,8,2000
2016,CT,TKN,34140.11135000001,34140.11135,34140.11135,34140.11135,8,2000
2016,CT,TSP,1743.1496489999993,1743.149649,1743.149649,1743.149649,8,2000
2016,CT,TSS,331827646.41038,331827646.41038,331827646.41038,331827646.41038,8,2000
2016,CT,TotalN,1444336.2117500005,1444336.21175,1444336.21175,1444336.21175,8,2000
2016,CT,TotalP,4507.942559999998,4507.9425599999995,4507.9425599999995,4507.9425599999995,8,2000
2016,MT,Ammonium(NH4),3534.4202999999998,3534.4203,3534.4203,3534.4203,8,2000
2016,MT,NPOC,275704.234319,275704.234319,275704.234319,275704.234319,8,2000
2016,MT,Nitrate,206598.6650999999,206598.66509999998,206598.66509999998,206598.66509999998,8,2000
2016,MT,OrthoP,1334.4571900000003,1334.45719,1334.45719,1334.45719,8,2000
2016,MT,TKN,4711.394130000001,4711.394130000001,4711.394130000001,4711.394130000001,8,2000
2016,MT,TSP,342.8528399999999,342.85284,342.85284,342.85284,8,2000
2016,MT,TSS,10009679.219150001,10009679.21915,10009679.21915,10009679.21915,8,2000
2016,MT,TotalN,197276.92736,197276.92735999997,197276.92735999997,197276.92735999997,8,2000
2016,MT,TotalP,2297.079279999999,2297.07928,2297.07928,2297.07928,8,2000
2016,ST,Ammonium(NH4),11284.723560000004,11284.72356,11284.72356,11284.72356,8,2000
2016,ST,NPOC,930304.1608169996,930304.1608169999,930304.1608169999,930304.1608169999,8,2000
2016,ST,Nitrate,790067.02527,790067.02527,790067.02527,790067.02527,8,2000
2016,ST,OrthoP,4990.879050000001,4990.87905,4990.87905,4990.87905,8,2000
2016,ST,TKN,16790.450730000004,16790.45073,16790.45073,16790.45073,8,2000
2016,ST,TSP,1022.9859899999997,1022.98599,1022.98599,1022.98599,8,2000
2016,ST,TSS,58208283.27177001,58208283.27177,58208283.27177,58208283.27177,8,2000
2016,ST,TotalN,752723.58918,752723.58918,752723.58918,752723.58918,8,2000
2016,ST,TotalP,1501.2995100000003,1501.2995099999998,1501.2995099999998,1501.2995099999998,8,2000
2017,CT,Nitrate,12908051.614149276,12808839.868084788,11494430.461808741,14662249.73824872,30,2000
2017,CT,OrthoP,40557.96335113755,40557.96335113754,40557.96335113754,40557.96335113754,30,2000
2017,CT,TKN,5843700.385033125,5838726.568227462,5590290.993318712,6134881.9111226,30,2000
2017,CT,TSS,4663713788.94883,4663713788.94883,4663713788.94883,4663713788.94883,30,2000
2017,CT,TotalP,418152.1936535082,418152.19365350826,418152.19365350826,418152.19365350826,30,2000
2017,MT,Nitrate,3632405.9304924626,3622129.7241301485,3399208.3387856986,3917308.889209565,24,2000
2017,MT,OrthoP,6903.795379299307,6903.795379299303,6903.795379299303,6903.795379299303,24,2000
2017,MT,TKN,651562.0440257398,648711.2528356339,636213.7218582161,676509.6791075672,24,2000
2017,MT,TSS,210448995.12223005,210448995.12223005,210448995.12223005,210448995.12223005,24,2000
2017,MT,TotalP,83406.77429764204,83406.77429764204,83406.77429764204,83406.77429764204,24,2000
2017,ST,Nitrate,3133846.009652409,3121031.2321310663,2766937.0781963053,3605451.937843547,29,2000
2017,ST,OrthoP,1171.7818429669985,1171.9702660879623,1165.9011211374336,1177.4395936813758,29,2000
2017,ST,TKN,194439.39373990142,194437.73100723722,194379.87690963494,194501.5115727553,29,2000
2017,ST,TSS,266169202.83818585,266035237.73520738,263426775.17641938,269701786.4562925,29,2000
2017,ST,TotalP,56985.95018226342,56986.16856255807,56970.55263873933,57001.22735682541,29,2000
2020,CT,Nitrate,2920293.8143464634,2915506.2418469824,2669798.362687322,3206185.864687199,20,2000
2020,CT,OrthoP,34079.8000847301,34085.47890224294,33637.147543754465,34516.258396871766,20,2000
2020,CT,Selenium,28730.19569187331,28730.52582676785,28382.297718050064,29064.772661974563,20,2000
2020,CT,TKN,968576.3483174501,961697.1961358313,786207.1880067644,1183178.813819406,20,2000
2020,CT,TSS,287501713.50963235,286997984.3334377,257433407.60216498,320310100.8508042,20,2000
2020,CT,TotalP,181011.35128192557,181003.80365842182,179710.5555029042,182391.0205670169,20,2000
2020,ST,Nitrate,2878819.5134713775,2876699.883340883,2778577.246986586,2996222.9532696297,20,2000
2020,ST,OrthoP,2255.757875404807,2256.0108102985223,2210.3091712140667,2301.1344655413027,20,2000
2020,ST,Selenium,5551.1623264656455,5550.926805921002,5496.390672380458,5606.542782424398,20,2000
2020,ST,TKN,539078.0265338568,539092.7837254258,536480.3418444237,541526.8353852435,20,2000
2020,ST,TSS,65550824.52613721,65488616.97333787,61941012.14940502,69904715.40767594,20,2000
2020,ST,TotalP,103111.82900345114,103106.91231107764,102518.35188140089,103689.1572842196,20,2000
2021,CT,Nitrate,3266888.890478073,3266766.4175471496,3251816.678047593,3281634.0395670496,31,2000
2021,CT,OrthoP,21425.617280000002,21425.61728,21425.61728,21425.61728,31,2000
2021,CT,Selenium,3102.388383552167,3102.551019630818,3088.991101752936,3115.634884839866,31,2000
2021,CT,TKN,1589637.8257760701,1589662.9944864225,1584108.0105216429,1594963.5464914904,31,2000
2021,CT,TSS,679147098.2192557,679113819.9280546,676613125.793719,681688742.3154336,31,2000
2021,CT,TotalP,246244.0024778369,246243.83575563793,245746.1085644846,246760.7412913014,31,2000
2021,MT,Nitrate,2115293.73156128,2099847.953799394,2036924.4894901884,2241699.8161859643,31,2000
2021,MT,OrthoP,18633.687962780015,18633.687962780023,18633.687962780023,18633.687962780023,31,2000
2021,MT,Selenium,4639.758025357211,4639.8890201175855,4622.526247136001,4656.7644706680585,31,2000
2021,MT,TKN,537097.3671351518,530151.5639004027,503238.2086205634,594340.5827967387,31,2000
2021,MT,TSS,128079965.21251416,127048552.81189603,121833524.65985344,137926018.15173483,31,2000
2021,MT,TotalP,209901.92317103205,206228.96954988563,189694.96273876695,241521.65843522787,31,2000
2021,ST,Nitrate,2026155.6148485553,2026151.934716467,2021694.0962077153,2030580.1626960046,29,2000
2021,ST,OrthoP,35771.2183,35771.2183,35771.2183,35771.2183,29,2000
2021,ST,Selenium,1787.6071728919626,1787.5941760369046,1784.3951059891365,1790.5862916070873,29,2000
2021,ST,TKN,700349.249458362,700345.4651646155,699595.2471177789,701127.2758643269,29,2000
2021,ST,TSS,218095689.0709238,218093819.4432576,217983201.52183604,218216543.49980673,29,2000
2021,ST,TotalP,240066.18883265948,240065.16765282123,239974.46755234012,240158.60632417293,29,2000
2023,CT,Nitrate,11576567.120704876,11564435.128938943,11380209.523456542,11823915.90925515,45,2000
2023,CT,Nitrite,32605.350880447273,32597.6648083963,32140.31696212081,33084.228161998035,45,2000
2023,CT,OrthoP,203265.03530009673,203265.1130070645,202827.9911830327,203691.8564479999,45,2000
2023,CT,TDS,1794503457.5968149,1794047759.319169,1785981853.7175543,1805688181.256741,45,2000
2023,CT,TKN,5634375.590685243,5617916.229574322,5208270.955324562,6141335.6450573625,45,2000
2023,CT,TSS,2380124641.7830234,2376097892.6955194,2303066543.822677,2475266829.4301667,45,2000
2023,CT,TotalP,1704996.3542933147,1701197.3464173258,1640513.708994953,1793824.6060221614,45,2000
2023,MT,Nitrate,16150222.051476521,16134062.357766766,15668435.687436717,16747271.952724902,51,2000
2023,MT,Nitrite,63993.91275340851,63991.436722034014,63357.91937334229,64623.14790991095,51,2000
2023,MT,OrthoP,249425.08626399416,249429.9382483986,248853.54501679348,249986.26425435976,51,2000
2023,MT,TDS,2510967717.2172527,2508999712.1712813,2479789765.3345513,2550028627.395104,51,2000
2023,MT,TKN,10025819.78260244,10000731.622229446,9223848.740175433,10964349.939357322,51,2000
2023,MT,TSS,3394300293.9347587,3393399673.2141676,3358661629.932129,3435244484.6512322,51,2000
2023,MT,TotalP,1710965.8071634287,1703018.47230878,1661662.850776213,1790332.3764349695,51,2000
2023,ST,Nitrate,11504645.04233523,11491205.609575931,11431126.365283737,11623858.573656648,45,2000
2023,ST,Nitrite,25234.911687090633,25240.298764264895,24881.946401485413,25581.463714873506,45,2000
2023,ST,OrthoP,233826.55799495787,233822.64930144936,233526.7057202476,234130.05275375923,45,2000
2023,ST,TDS,1766433069.337607,1765964860.6202836,1764096918.4140122,1770197417.638751,45,2000
2023,ST,TKN,5865806.023412996,5826597.123101274,5655893.790666439,6208023.805794896,45,2000
2023,ST,TSS,3507425229.8125887,3505946855.2104874,3498531514.2475004,3520731749.4178433,45,2000
2023,ST,TotalP,1032760.9562016815,1025946.6480112937,999494.7684050123,1086789.807370271,45,2000
2024,CT,Nitrate,10285892.028442776,10257448.422299135,9802782.812359456,10953585.78351558,32,2000
2024,CT,Nitrite,33657.18876741443,33654.519988932516,33276.000501557086,33989.829400907736,32,2000
2024,CT,OrthoP,672883.5112785966,672871.5317367411,670495.1229197166,675266.1939996046,32,2000
2024,CT,TDS,1677705064.061035,1675330050.6666012,1632884112.5864947,1735484554.549859,32,2000
2024,CT,TKN,2280687.198913649,2280541.897509678,2267803.1543039083,2294147.9412285676,32,2000
2024,CT,TSS,2345490527.0091176,2345434130.7936554,2336648499.9152455,2354813209.8351307,32,2000
2024,CT,TotalP,1484879.786759709,1484877.9690657908,1477360.6278784638,1492383.904930613,32,2000
2024,MT,Nitrate,11678133.668120854,11677945.96309201,11621614.068167819,11733040.755518714,32,2000
2024,MT,Nitrite,17295.606498881833,17294.397008375123,16940.29943852332,17644.255743709924,32,2000
2024,MT,OrthoP,719150.0010257359,719171.2249305855,716053.4016223822,722327.0416337092,32,2000
2024,MT,TDS,1977401291.1319487,1975048005.3189335,1958179310.2539365,2003381445.330406,32,2000
2024,MT,TKN,2180114.506688001,2180152.982503753,2170129.1292968243,2190000.317513884,32,2000
2024,MT,TSS,2293295654.2446284,2292567747.1377964,2274812357.911707,2314573386.135711,32,2000
2024,MT,TotalP,1375575.3536387023,1375531.668656534,1367507.8344729175,1383868.237589632,32,2000
2024,ST,Nitrate,10651635.156059548,10651718.363332242,10623665.394741217,10679906.853999447,32,2000
2024,ST,Nitrite,17107.1559522687,17106.737980595666,16915.36610796475,17300.846031307003,32,2000
2024,ST,OrthoP,673110.1365100299,673093.2636710512,671888.0960979501,674283.8969232184,32,2000
2024,ST,TDS,1778945639.117791,1774922323.8496804,1756188203.2020168,1815347917.551009,32,2000
2024,ST,TKN,2376296.509512511,2376281.2008795068,2371282.125965873,2381270.059661907,32,2000
2024,ST,TSS,5357613108.59477,5350816888.98481,5324971468.625875,5410004764.09158,32,2000
2024,ST,TotalP,3326878.463440835,3326921.6477441685,3323334.2883306504,3330414.2614389933,32,2000
2025,CT,Nitrate,606668.9656633582,603831.552654617,586234.2169610134,634980.2287451663,58,2000
2025,CT,Nitrite,1966117.1992522283,1966129.9400279052,1963482.580823309,1968492.5707309258,58,2000
2025,CT,OrthoP,595702.8348210573,595700.1239633963,594889.5695296287,596513.948613818,58,2000
2025,CT,TDS,1483136286.1905317,1481036013.912972,1460869144.5954733,1512682643.4159987,58,2000
2025,CT,TKN,2009286.2793920168,2004466.7534212589,1972856.8490193437,2062031.7685480432,58,2000
2025,CT,TSS,3494733280.5468025,3483985451.401841,3416768137.4964967,3604561585.6475773,58,2000
2025,CT,TotalP,4755170.880545275,4733394.980929171,4630472.350080235,4951890.92668096,58,2000
2025,MT,Nitrate,841387.2407140724,837884.8879409098,815114.7569548214,879490.7199620387,58,2000
2025,MT,Nitrite,2351400.319363219,2351442.441982152,2346311.4213538123,2356422.554281784,58,2000
2025,MT,OrthoP,786980.0885312493,786982.0812518238,783674.1887332079,790380.9260900125,58,2000
2025,MT,TDS,1669207423.4622118,1668957893.0583525,1658172618.651322,1682176960.682866,58,2000
2025,MT,TKN,1985910.2600187478,1978023.491890008,1824606.3289882157,2182781.9638627674,58,2000
2025,MT,TSS,7665739963.854372,7665849098.129261,7603946725.724388,7726871180.897315,58,2000
2025,MT,TotalP,11129003.287865475,11127629.038953265,11043833.680994567,11218402.906704219,58,2000
2025,ST,Nitrate,791532.0885850405,790039.2961679074,781812.6165943807,807250.6381227071,58,2000
2025,ST,Nitrite,2393595.215356601,2393593.284767102,2390452.5193699277,2396663.9003120824,58,2000
2025,ST,OrthoP,703212.7971473953,703204.84006967,701773.8178000061,704637.4924970965,58,2000
2025,ST,TDS,1775424826.0183003,1775177516.3095284,1764599033.3233228,1787284173.9317203,58,2000
2025,ST,TKN,2176788.507646717,2170395.367409175,2052174.2162376116,2343638.740313759,58,2000
2025,ST,TSS,5681025842.476748,5681053434.376453,5642433953.699331,5719019924.950962,58,2000
2025,ST,TotalP,8838753.06417617,8838638.540034281,8797566.252867484,8880719.039404055,58,2000
2011,CT,Ammonium(NH4),34172.70854961014,34172.20928690118,34024.72428474605,34324.94629827448,12,2000
2011,CT,NPOC,724770.3174987026,719678.4343260489,471816.0778366419,998544.1174506285,12,2000
2011,CT,NitrateNitrite,633526.3222765734,629172.1107690834,402819.2926313655,881166.3396126266,12,2000
2011,CT,Nitrite,84834.23918592145,84834.53049438648,84491.56153587674,85186.03920725327,12,2000
2011,CT,Selenium,44366.869752432256,44366.63262217034,44197.73370659808,44541.602718396236,12,2000
2011,CT,TDS,23561890.42214884,23429076.507387538,17159200.43546563,30409325.351225004,12,2000
2011,CT,TKN,1283435.1349097148,1275552.9675323104,875550.9042797656,1728033.660354354,12,2000
2011,CT,TSP,32870.46903098381,32872.308967150864,32722.63456117965,33016.08563326541,12,2000
2011,MT,Ammonium(NH4),46200.2950517271,46196.85812296621,45928.97140419136,46470.01075225898,12,2000
2011,MT,NPOC,1017293.0192967328,1011823.8042272078,666729.8621712878,1387606.5881065642,12,2000
2011,MT,NitrateNitrite,927297.3037511499,922621.7228652665,598379.8692856296,1284858.5632664945,12,2000
2011,MT,Nitrite,128030.74758087957,128028.97162130264,127278.09491555042,128790.1703296289,12,2000
2011,MT,Selenium,62730.72427193056,62729.49983855539,62361.378575303956,63141.65571139484,12,2000
2011,MT,TDS,32721205.10496318,32641560.230255835,24278287.34688155,41811560.367991306,12,2000
2011,MT,TKN,1714859.5917906065,1701435.7492015825,1202552.6556899417,2276558.5567277176,12,2000
2011,MT,TSP,46046.077851064205,46047.54931784529,45765.97383610815,46320.4307549208,12,2000
2011,ST,Ammonium(NH4),40718.6525834735,40717.33709838116,40601.49726312502,40842.826795955974,12,2000
2011,ST,NPOC,845271.3647912524,844109.2590433394,531875.3299782514,1177351.4238559227,12,2000
2011,ST,NitrateNitrite,747331.7149043529,734489.5631254874,459412.88889754587,1090740.9646407503,12,2000
2011,ST,Nitrite,108307.43397290599,108309.81815666694,108007.15970215334,108600.33758972063,12,2000
2011,ST,Selenium,51484.198569414795,51481.88254117519,51324.139523271064,51644.15138859899,12,2000
2011,ST,TDS,27629487.78689685,27492148.29946842,20007037.931466457,36362428.73263621,12,2000
2011,ST,TKN,1251329.5205683615,1242876.081794733,796875.6941807345,1745978.1748594139,12,2000
2011,ST,TSP,40553.947595354846,40553.09271282139,40435.92206711735,40673.022740295724,12,2000
2012,CT,Ammonium(NH4),50758.44342070258,50756.32954393383,50564.074084619664,50959.362515096276,16,2000
2012,CT,NPOC,719701.4052844349,713248.921530958,490830.46522338915,977282.5898364072,16,2000
2012,CT,NitrateNitrite,650498.9269455018,646803.5233050265,441531.8122933529,874000.0980815886,16,2000
2012,CT,Nitrite,88131.43147382753,88129.49421549047,87839.4948921274,88431.13838387586,16,2000
2012,CT,Selenium,56039.10766628179,56040.39299269142,55845.83823474868,56239.152179258344,16,2000
2012,CT,TDS,24136688.006720785,24030023.409517724,18411297.91516686,30496131.05993368,16,2000
2012,CT,TKN,864828.7315213769,861813.8658572289,604170.4258799888,1157010.8038739336,16,2000
2012,CT,TSP,51170.98283635709,51171.73662672258,50971.71895676489,51369.72804545834,16,2000
2012,MT,Ammonium(NH4),32473.614091563984,32471.80235759072,32246.88877677165,32710.61052589589,18,2000
2012,MT,NPOC,856401.6142160327,849436.8755629589,569601.4457900116,1150625.8175665436,18,2000
2012,MT,NitrateNitrite,806488.126428674,805823.8252959654,536435.524281628,1087837.539911989,18,2000
2012,MT,Nitrite,90390.81240168578,90391.72167078553,90010.69817510959,90754.69073122361,18,2000
2012,MT,Selenium,36057.8290123174,36056.84858341154,35855.32505875798,36262.18565977769,18,2000
2012,MT,TDS,26246419.717196625,26151206.425230492,19867298.505046446,33111000.821274325,18,2000
2012,MT,TKN,1018050.0598615584,1011782.3610033203,692689.8945419727,1357619.2746645745,18,2000
2012,MT,TSP,31778.64649374855,31777.27168674767,31547.47005971162,32011.938813619392,18,2000
2012,ST,Ammonium(NH4),44072.87801800323,44072.71719613149,44006.799034068055,44141.05676405762,16,2000
2012,ST,NPOC,580931.6526755407,577946.6469383145,386813.92901511356,783422.8990482792,16,2000
2012,ST,NitrateNitrite,576744.0909395186,574349.2787653946,385202.6836806544,785224.339364655,16,2000
2012,ST,Nitrite,81080.0213204577,81078.29485558359,80914.28078019095,81250.54593415672,16,2000
2012,ST,Selenium,44011.90330332944,44011.96533868499,43954.299034882846,44067.986899572345,16,2000
2012,ST,TDS,20218395.94063794,20154093.43456207,15373826.93758833,25655225.902110618,16,2000
2012,ST,TKN,763671.7425341152,759476.3960153018,534210.32380691,1021852.7831847443,16,2000
2012,ST,TSP,44965.02870489334,44964.35916179171,44891.286515656204,45038.96376284543,16,2000
2013,CT,Ammonium(NH4),32559.784178191087,32559.617857482142,32527.461520746692,32592.406823687776,14,2000
2013,CT,NPOC,1267913.0361634656,1262764.713328961,858442.5179557794,1719036.1512353132,14,2000
2013,CT,NitrateNitrite,864256.4740347853,856135.0891671021,575966.9708584615,1189353.3266277267,14,2000
2013,CT,Nitrite,66441.85230004998,66441.84858499817,66342.97182174344,66536.49225527377,14,2000
2013,CT,OrthoP,49653.88079680481,49653.496147843005,49594.489406458895,49710.44994131987,14,2000
2013,CT,Selenium,31032.17803442987,31031.737066129055,30999.258052253448,31065.062511029435,14,2000
2013,CT,TDS,24429790.492702104,24344452.817338787,18029211.1585405,32509715.771842062,14,2000
2013,CT,TSP,33004.59842335516,33004.08888254258,32972.23718057254,33038.3076610109,14,2000
2013,CT,TotalN,1501328.407099725,1485774.0003751193,1026072.4553760041,2026806.553020745,14,2000
2013,MT,Ammonium(NH4),67261.4886373247,67258.93735682059,66996.86821501752,67535.8626013228,14,2000
2013,MT,NPOC,1730828.4342331933,1725668.8876010256,1251612.403098598,2278425.8001577663,14,2000
2013,MT,NitrateNitrite,1251841.675133564,1244384.0439812622,860016.7654615821,1684196.8898158616,14,2000
2013,MT,Nitrite,137707.6529897112,137707.49284398434,137149.3030442532,138270.35666802005,14,2000
2013,MT,OrthoP,117268.33675582553,117265.11549204442,116787.8027431257,117781.65185471637,14,2000
2013,MT,Selenium,69758.72896666237,69761.29928765268,69450.93884219692,70054.16110886095,14,2000
2013,MT,TDS,32299355.9045229,32223665.571382843,24379173.16091842,41126513.219376035,14,2000
2013,MT,TSP,66279.59782376619,66280.63073438781,66026.50075736601,66533.10759607029,14,2000
2013,MT,TotalN,1832657.6993028063,1821475.956952353,1311595.7186024117,2411926.889685226,14,2000
2013,ST,Ammonium(NH4),17267.703377144044,17267.22980584698,17214.432736737963,17321.627888065443,14,2000
2013,ST,NPOC,891078.4341842947,887634.5965129882,579714.1431136046,1249733.4296474387,14,2000
2013,ST,NitrateNitrite,744083.4957791317,730268.2915856962,485471.364194945,1053432.848559353,14,2000
2013,ST,Nitrite,56307.19065996169,56305.02468431853,56196.65459751269,56423.039931855994,14,2000
2013,ST,OrthoP,24417.163381050945,24417.236653874435,24356.414580489156,24478.579332782207,14,2000
2013,ST,Selenium,16879.3243240052,16877.87768915364,16826.872212255203,16933.696892681106,14,2000
2013,ST,TDS,17755341.394733045,17659124.825875744,12882756.254764056,23277857.35057647,14,2000
2013,ST,TSP,18494.860962285355,18495.4777086853,18440.339143792164,18548.18082264387,14,2000
2013,ST,TotalN,960616.7325347443,957065.7647312062,639567.695978197,1339593.5514664163,14,2000
2014,CT,Ammonium(NH4),185850.9811305498,185850.73417075296,185688.49404538164,186020.7236795352,25,2000
2014,CT,ICP,179554.14894736436,179555.4537186314,179378.38401069658,179724.8960678878,25,2000
2014,CT,NPOC,7840002.6295915395,7765777.77348518,5760277.479204252,10076925.252138749,25,2000
2014,CT,NitrateNitrite,5218553.838049677,5198031.095796896,3913821.619720482,6646466.909896315,25,2000
2014,CT,Nitrite,308294.70753962087,308292.00084119535,307997.31137052394,308617.67840073025,25,2000
2014,CT,Selenium,190858.2731820181,190856.69028104248,190640.45631613137,191083.77477923,25,2000
2014,CT,TDS,123746908.32186103,123470859.54649934,95735502.93600976,154211264.7288749,25,2000
2014,MT,Ammonium(NH4),33009.220230686115,33011.40021463606,32861.598595300115,33152.64938684454,8,2000
2014,MT,ICP,35884.92316576639,35885.416251312956,35734.322458845956,36033.870034698455,8,2000
2014,MT,NPOC,481918.0669064644,471802.7094310725,267351.7389596817,751793.3110687349,8,2000
2014,MT,NitrateNitrite,431493.0419619366,419928.6849709692,236220.87090615885,677546.0729135856,8,2000
2014,MT,Nitrite,52806.5747966723,52806.41484358064,52558.2274786786,53062.88023251436,8,2000
2014,MT,Selenium,35364.59719879998,35364.92550078177,35185.99043117937,35532.301085937106,8,2000
2014,MT,TDS,8681927.977488732,8494714.26359706,5393709.082029502,12645504.137583587,8,2000
2014,ST,Ammonium(NH4),75950.0456463154,75949.37218477964,75855.46152989904,76048.90800989867,24,2000
2014,ST,ICP,77001.66680356143,77002.28976858378,76904.94537516912,77097.99060869309,24,2000
2014,ST,NPOC,2292084.8899000273,2285767.068524995,1691378.728622076,2945731.507499297,24,2000
2014,ST,NitrateNitrite,1879488.9494220696,1866251.4978829501,1364836.975205334,2416865.1057688817,24,2000
2014,ST,Nitrite,132980.29538523103,132981.80942277357,132811.55320580746,133141.85499606724,24,2000
2014,ST,Selenium,78374.88704401832,78375.10212202679,78258.56902284014,78494.96074144212,24,2000
2014,ST,TDS,35133575.141639315,34962833.681642525,27445797.93524907,43620299.256717786,24,2000
2015,CT,ICP,53776.57362531629,53776.5736253163,53776.5736253163,53776.5736253163,22,2000
2015,CT,NPOC,3172570.764399534,3164069.862192585,2427476.6601004587,3939442.933394002,22,2000
2015,CT,NitrateNitrite,2476823.208996401,2476449.481129694,1885899.8154396885,3125330.4206899167,22,2000
2015,CT,Nitrite,113502.75574377972,113502.75574377972,113502.75574377972,113502.75574377972,22,2000
2015,CT,Selenium,61233.68917427446,61233.68917427447,61233.68917427447,61233.68917427447,22,2000
2015,CT,TDS,43712434.54200394,43577969.78346801,34852786.800540075,53305696.92821747,22,2000
2015,MT,ICP,18181.553837263076,18181.553837263076,18181.553837263076,18181.553837263076,22,2000
2015,MT,NPOC,1069765.4712187343,1065609.7784883971,789273.6293675202,1382203.7389604454,22,2000
2015,MT,NitrateNitrite,904625.6167766392,904125.4842782686,664672.3840012214,1165923.8631431728,22,2000
2015,MT,Nitrite,39137.41190884767,39137.41190884768,39137.41190884768,39137.41190884768,22,2000
2015,MT,Selenium,15000.33158169099,15000.331581690996,15000.331581690996,15000.331581690996,22,2000
2015,MT,TDS,12934524.495075988,12866954.763382174,9979562.295125725,16250810.657070566,22,2000
2015,ST,ICP,8099.149958179986,8099.149958179985,8099.149958179985,8099.149958179985,22,2000
2015,ST,NPOC,900286.9419577301,897623.0631024041,658713.5553642804,1154938.1720913083,22,2000
2015,ST,NitrateNitrite,760674.6444033417,756440.3148171974,558634.7979192702,993339.7423362165,22,2000
2015,ST,Nitrite,23205.330313522783,23205.330313522783,23205.330313522783,23205.330313522783,22,2000
2015,ST,Selenium,5991.879719415894,5991.879719415892,5991.879719415892,5991.879719415892,22,2000
2015,ST,TDS,11597303.281726334,11539095.85171974,8945941.399030913,14482128.587007556,22,2000
2016,CT,ICP,3261.408123846327,3261.4081238463277,3261.4081238463277,3261.4081238463277,8,2000
2016,CT,NitrateNitrite,1283225.3078101706,1267535.1793099106,787083.6602327625,1833979.3749813526,8,2000
2016,CT,Nitrite,1601.4079415027772,1601.407941502777,1601.407941502777,1601.407941502777,8,2000
2016,CT,Selenium,-1803.5007790350392,-1803.5007790350392,-1803.5007790350392,-1803.5007790350392,8,2000
2016,CT,TDS,20055148.24777461,19939738.834473073,13935592.054297887,27176985.170063343,8,2000
2016,MT,ICP,655.0197209889828,655.0197209889826,655.0197209889826,655.0197209889826,8,2000
2016,MT,NitrateNitrite,134497.12253117302,133327.31519784575,76361.43981770506,199324.4296172847,8,2000
2016,MT,Nitrite,-560.8061645565375,-560.8061645565376,-560.8061645565376,-560.8061645565376,8,2000
2016,MT,Selenium,-684.1295710278208,-684.1295710278208,-684.1295710278208,-684.1295710278208,8,2000
2016,MT,TDS,1830896.6788410407,1820234.3074933973,1197353.6647486673,2538586.94212043,8,2000
2016,ST,ICP,-3090.8270775360284,-3090.8270775360284,-3090.8270775360284,-3090.8270775360284,8,2000
2016,ST,NitrateNitrite,523671.1621743901,516662.85997652076,293268.81807788427,800869.7314545433,8,2000
2016,ST,Nitrite,-7050.944304069864,-7050.944304069863,-7050.944304069863,-7050.944304069863,8,2000
2016,ST,Selenium,-6153.109856942018,-6153.109856942019,-6153.109856942019,-6153.109856942019,8,2000
2016,ST,TDS,7554014.6698182635,7475660.626008904,5010133.757359526,10511093.715305073,8,2000
2017,CT,Ammonium(NH4),575260.6624352784,575260.6624352785,575260.6624352785,575260.6624352785,30,2000
2017,CT,ICP,500768.3280511114,500768.3280511113,500768.3280511113,500768.3280511113,30,2000
2017,CT,NPOC,13560238.200093227,13521011.669716995,10716750.603608267,16659294.814697264,30,2000
2017,CT,NitrateNitrite,8459830.54151029,8427682.665905898,6570552.639003166,10468752.097708406,30,2000
2017,CT,Nitrite,335321.7583977947,335321.7583977947,335321.7583977947,335321.7583977947,30,2000
2017,CT,Selenium,335503.4401408987,335503.4401408987,335503.4401408987,335503.4401408987,30,2000
2017,CT,TDS,148689703.6101478,148049216.4740427,118349232.88831152,182473721.25525424,30,2000
2017,CT,TSP,609892.6713193825,609892.6713193827,609892.6713193827,609892.6713193827,30,2000
2017,CT,TotalN,15146791.29435422,15085497.115536232,11920645.16378233,18659193.16761206,30,2000
2017,MT,Ammonium(NH4),96569.96632069154,96569.96632069151,96569.96632069151,96569.96632069151,24,2000
2017,MT,ICP,97245.27402733103,97245.27402733105,97245.27402733105,97245.27402733105,24,2000
2017,MT,NPOC,2604418.5366192595,2591946.478836636,1895233.0068891724,3386620.4822388124,24,2000
2017,MT,NitrateNitrite,1699481.4659257901,1692069.8173655146,1222465.700035794,2228045.3433347987,24,2000
2017,MT,Nitrite,40217.85980340194,40217.859803401945,40217.859803401945,40217.859803401945,24,2000
2017,MT,Selenium,36460.549312009476,36460.549312009476,36460.549312009476,36460.549312009476,24,2000
2017,MT,TDS,20092850.44023205,20084312.73118844,15433895.691711811,25195645.50277164,24,2000
2017,MT,TSP,108777.51311607567,108777.51311607569,108777.51311607569,108777.51311607569,24,2000
2017,MT,TotalN,2717794.322763854,2712136.4350573593,1967715.8131653683,3466298.5575629417,24,2000
2017,ST,Ammonium(NH4),53993.62503779696,53993.61839077079,53977.085144971155,54010.47849009236,29,2000
2017,ST,ICP,55965.01011294003,55964.947794748965,55945.150402425505,55985.186216221235,29,2000
2017,ST,NPOC,2286278.302059101,2279570.7261110395,1745805.8137368686,2880532.535624688,29,2000
2017,ST,NitrateNitrite,1442573.853694853,1436183.0748290368,1077337.5636454653,1853506.090229061,29,2000
2017,ST,Nitrite,12135.067991375166,12135.12774131672,12132.4803329189,12137.626930351513,29,2000
2017,ST,Selenium,3380.9567449791234,3381.0461027052615,3376.480216685061,3385.249592663728,29,2000
2017,ST,TDS,18947436.507061943,18896684.266560838,15089335.089243278,23173586.48138289,29,2000
2017,ST,TSP,61688.8652604926,61688.74661939961,61669.75685408887,61708.997352600374,29,2000
2017,ST,TotalN,2386229.4564248254,2385619.19350617,1837557.3656777968,2986455.632269832,29,2000
2018,CT,Ammonium(NH4),195188.3835502758,195205.75266735925,193319.725431841,197196.69787303737,10,2000
2018,CT,ICP,201398.94107114893,201392.42565434132,199424.3525073662,203386.53785103126,10,2000
2018,CT,NPOC,2872844.687769866,2850516.3950736155,1981651.7347000535,3867331.8770059627,10,2000
2018,CT,Nitrate,1217130.7782187725,1207055.687016049,802678.1824431426,1683760.7481459645,10,2000
2018,CT,NitrateNitrite,1846808.592630566,1829045.1896134813,1248503.7417616548,2538714.6650036266,10,2000
2018,CT,Nitrite,203620.0949691361,203645.63245229726,201690.01541509572,205562.51456031494,10,2000
2018,CT,OrthoP,153942.48814061462,153941.4334390697,152480.33533787375,155436.12680753475,10,2000
2018,CT,Selenium,156319.57102478118,156297.0539319708,154778.42164708857,157905.68688023085,10,2000
2018,CT,TDS,26538859.529832494,26449726.614307754,18965262.423224177,35140450.91073106,10,2000
2018,CT,TKN,1074164.597018229,1062874.769215049,693645.9596756768,1521920.6610608075,10,2000
2018,CT,TSP,203208.16004181362,203213.88015023776,201224.59114585078,205138.52626127607,10,2000
2018,CT,TSS,117726330.4229502,116883200.34812416,83907296.953919,154371741.38095495,10,2000
2018,CT,TotalN,3191629.4224104197,3161292.4064111887,2201700.7021029126,4262454.560010227,10,2000
2018,CT,TotalP,343536.16451837076,339013.08085712226,255421.4612172079,461335.4857982268,10,2000
2018,MT,Ammonium(NH4),36675.58786834572,36672.89494868473,36317.6783615435,37031.487804894125,10,2000
2018,MT,ICP,40104.627696969066,40105.78411908678,39708.049944145656,40483.747718511615,10,2000
2018,MT,NPOC,712861.8501935338,709721.222271576,486888.3217775343,950605.0051602918,10,2000
2018,MT,Nitrate,407460.93652801786,403063.2803767461,264634.9192062043,569747.8589868098,10,2000
2018,MT,NitrateNitrite,457300.07166296296,454138.48328927124,305479.29793164606,631707.8537292978,10,2000
2018,MT,Nitrite,37187.321087814686,37196.43881207377,36826.69641261815,37535.56718226561,10,2000
2018,MT,OrthoP,31040.97789814314,31038.498140313473,30739.751526442127,31369.712928918656,10,2000
2018,MT,Selenium,24286.12082203387,24286.40419283539,24041.56127659607,24549.30680278263,10,2000
2018,MT,TDS,6254027.818735766,6225453.424089574,4454079.199022368,8195934.314098414,10,2000
2018,MT,TKN,253062.49913582974,251029.9300536648,156023.67962896416,362614.90151305986,10,2000
2018,MT,TSP,40013.84559452821,40013.79771793985,39648.04106605063,40396.77860664992,10,2000
2018,MT,TSS,23870500.38509015,23845507.251424365,17041095.99871021,31238435.263855305,10,2000
2018,MT,TotalN,721978.993078644,720870.8898131952,490296.7717846645,972330.9430832665,10,2000
2018,MT,TotalP,67912.11807842736,67902.59423352056,67242.23281101763,68588.35787497839,10,2000
2018,ST,Ammonium(NH4),37748.56921786114,37751.33651895412,37350.86246031947,38126.26127763223,10,2000
2018,ST,ICP,41609.74213607709,41613.8063811659,41182.266574717476,42014.26277876874,10,2000
2018,ST,NPOC,907854.100836919,897888.7288318743,610236.2705718755,1257657.395837358,10,2000
2018,ST,Nitrate,516797.19373620796,512878.0162656065,326107.75838176557,733071.8315294656,10,2000
2018,ST,NitrateNitrite,596572.8770820631,592733.7204431979,384582.35699027637,831824.2835179488,10,2000
2018,ST,Nitrite,36244.608750852894,36242.13321870928,35884.66295040327,36620.81520137829,10,2000
2018,ST,OrthoP,20907.911958518685,20907.449365667308,20692.46270657607,21132.884522031287,10,2000
2018,ST,Selenium,20462.74837495775,20463.58333864872,20233.00209059805,20700.176965842365,10,2000
2018,ST,TDS,8516375.990875935,8518667.286919454,5930737.030817846,11225900.159554379,10,2000
2018,ST,TKN,302992.43080086156,301503.711363218,179191.51590007194,435980.2969949888,10,2000
2018,ST,TSP,40446.06091286751,40451.24285526546,40011.8913690224,40839.350019055484,10,2000
2018,ST,TSS,28731588.749818448,28524448.492964156,20674012.998414025,38041577.79793009,10,2000
2018,ST,TotalN,907377.6235037089,898643.1179986885,611924.7325656201,1251243.338571046,10,2000
2018,ST,TotalP,71128.48154839293,71118.97955357605,70392.09340625163,71889.0901113714,10,2000
2019,CT,Ammonium(NH4),15153.340818718392,15149.152591446837,14845.49366500331,15456.815497328324,2,2000
2019,CT,ICP,16638.173062229995,16630.93233876906,16307.074721949433,16974.848311808124,2,2000
2019,CT,NPOC,490277.95683584537,480822.2895733104,201709.542351646,881512.8973600676,2,2000
2019,CT,Nitrate,212441.62254106675,206528.25068334752,71017.24936060008,403407.5604810748,2,2000
2019,CT,NitrateNitrite,351033.37718007085,346297.4949855142,130670.71878851757,646714.9724937085,2,2000
2019,CT,Nitrite,11801.83165318088,11799.661989302425,11565.70020144363,12050.829499404377,2,2000
2019,CT,OrthoP,11979.645591375112,11980.706729751151,11742.636301749408,12225.467188793897,2,2000
2019,CT,Selenium,8664.774612409296,8664.570770566126,8487.797993753438,8843.83393037308,2,2000
2019,CT,TDS,5250696.902882923,5144170.115268923,2463884.2643835405,9022360.20590118,2,2000
2019,CT,TKN,123319.60191253353,118208.72519843544,25403.446237651246,254671.98448330848,2,2000
2019,CT,TSP,17107.136006451365,17110.21931895474,16759.62491023201,17447.54829478554,2,2000
2019,CT,TSS,27964131.019348893,26949530.617802724,13208960.476172835,48616042.32871332,2,2000
2019,CT,TotalN,535464.4105620874,523205.75985772314,219750.97862236906,948974.323986841,2,2000
2019,CT,TotalP,31488.09827141918,31492.53751587525,30859.911393841907,32112.94657864733,2,2000
2019,MT,Ammonium(NH4),3260.6632164009807,3259.256318144472,3193.5328352732386,3328.783307125631,2,2000
2019,MT,ICP,3668.972590878957,3667.902382577226,3591.7966809614004,3744.687552179524,2,2000
2019,MT,NPOC,75939.62438372767,71795.81856114023,28465.308215854635,142504.37391404115,2,2000
2019,MT,Nitrate,42007.50910824072,40036.346563014464,12648.645001319646,81922.8762919639,2,2000
2019,MT,NitrateNitrite,50572.50623547996,47887.8165508286,16314.149602831581,98118.11126894056,2,2000
2019,MT,Nitrite,2609.212974905088,2608.569755053659,2556.3607791993227,2664.307837711539,2,2000
2019,MT,OrthoP,2265.6636944109378,2265.2402481796353,2219.157976260884,2314.140413173799,2,2000
2019,MT,Selenium,2035.4707008060357,2035.4233477513899,1994.1625125430053,2076.9300431305983,2,2000
2019,MT,TDS,703843.4236267705,674064.728297615,314344.7665607509,1244314.3171737478,2,2000
2019,MT,TKN,15762.455283771631,15762.692346385797,15438.831420876359,16092.058125013811,2,2000
2019,MT,TSP,3721.2112017179384,3720.396545178104,3644.417890474148,3798.6530935915594,2,2000
2019,MT,TSS,2901999.0895164167,2813769.882575085,1376435.8280728466,4898563.194536729,2,2000
2019,MT,TotalN,72266.17827698287,69169.35923174422,26283.423640660974,134068.0288723448,2,2000
2019,MT,TotalP,4163.156287125413,4162.845511342974,4078.822899864059,4249.547596555645,2,2000
2019,ST,Ammonium(NH4),2331.605527409181,2330.6844261028637,2284.5756103364397,2379.7507916167638,2,2000
2019,ST,ICP,2717.6078583679423,2717.83372171023,2662.6257048099415,2775.2505553935207,2,2000
2019,ST,NPOC,99914.27820855632,92941.51993500261,37452.5394445923,189215.40853505305,2,2000
2019,ST,Nitrate,58018.171783856094,54841.28708252341,16742.424443818945,114996.99101142926,2,2000
2019,ST,NitrateNitrite,67825.94648618817,63420.09065687174,22510.684561786296,129297.63024971992,2,2000
2019,ST,Nitrite,1078.220160275729,1077.5628120433316,1056.5562797831544,1101.03691512448,2,2000
2019,ST,OrthoP,1206.673556283961,1206.4967725546499,1181.6134307737489,1232.2145775035217,2,2000
2019,ST,Selenium,554.178933408116,554.0096014935618,542.6289515026143,565.6024426439868,2,2000
2019,ST,TDS,1001763.5881474328,960811.0250004828,455131.050829819,1717661.7240505123,2,2000
2019,ST,TKN,18365.181977673627,18364.93753643118,17979.656869749542,18732.724789876705,2,2000
2019,ST,TSP,2872.046545628893,2872.171320504878,2812.188377536991,2930.3194499747656,2,2000
2019,ST,TSS,4220708.167283161,4060834.249588006,1979275.8419844878,7279853.911980635,2,2000
2019,ST,TotalN,98976.38120776162,93992.76098104141,35157.48854381776,185164.74557295308,2,2000
2019,ST,TotalP,5150.000935569369,5150.799253866404,5044.355814874277,5256.137968116208,2,2000
2020,CT,Ammonium(NH4),108730.00865514448,108722.86030651758,107965.14468866738,109465.95757679157,20,2000
2020,CT,ICP,111478.34710249993,111468.3282722197,110743.81683122867,112234.58840074249,20,2000
2020,CT,NPOC,3939918.150961994,3928832.034763203,3053032.1098442767,4856294.870828153,20,2000
2020,CT,NitrateNitrite,2825299.5664853,2804938.252322076,2190631.743614996,3523725.2178550367,20,2000
2020,CT,Nitrite,102383.5586277563,102377.82704333158,101686.47727322887,103084.14124633312,20,2000
2020,CT,TDS,49554043.92992015,49417729.972615376,39692533.47867529,60671118.713063695,20,2000
2020,CT,TSP,115228.8060684314,115229.74855471961,114469.47977205562,115967.11338250063,20,2000
2020,CT,TotalN,4080912.73352448,4081331.6530936216,3154882.9472162523,5020707.686685403,20,2000
2020,MT,Ammonium(NH4),30079.76500495846,30079.87026847119,29843.815534145655,30320.220177983156,20,2000
2020,MT,ICP,31046.212144880476,31046.11984203771,30796.70989479866,31313.366947625844,20,2000
2020,MT,NPOC,806913.6404338558,806002.7335570729,610500.0361286866,1019401.2959532038,20,2000
2020,MT,Nitrate,1019750.7418204669,1017802.1121687125,932025.483961854,1112084.0008807562,20,2000
2020,MT,NitrateNitrite,623436.0722207761,623622.1469185195,459126.29353330523,792581.3900993598,20,2000
2020,MT,Nitrite,30479.023992215334,30480.134282138395,30206.337618637994,30740.44798825239,20,2000
2020,MT,OrthoP,8004.544596104045,8004.1417907326195,7889.726440132055,8115.172431987401,20,2000
2020,MT,Selenium,8516.207345475019,8515.19824262337,8401.688431857612,8627.015667153095,20,2000
2020,MT,TDS,8770231.957733905,8735185.8471651,6935789.598286978,10805941.024371661,20,2000
2020,MT,TKN,200725.40549880487,199458.72679838547,175323.78001900954,235646.05772020968,20,2000
2020,MT,TSP,33801.229386806415,33804.97225534151,33538.38393729511,34069.031322463925,20,2000
2020,MT,TSS,24103242.27906324,24036871.29644685,20418006.291698817,27966901.26603181,20,2000
2020,MT,TotalN,818053.6663044414,818282.4992904135,606625.9109664825,1036429.1554047466,20,2000
2020,MT,TotalP,42800.23296183389,42801.32685676652,42466.62065900395,43128.88865300604,20,2000
2020,ST,Ammonium(NH4),52418.917577374814,52417.429039829236,52102.25257258116,52743.294070877135,20,2000
2020,ST,ICP,54010.907258968204,54011.14913849106,53697.85453611991,54325.09016361151,20,2000
2020,ST,NPOC,2093647.4753778947,2083057.3403098937,1433100.224156284,2807542.5931057637,20,2000
2020,ST,NitrateNitrite,1530446.6985025452,1514364.913529818,1039832.0516968309,2086783.6062133561,20,2000
2020,ST,Nitrite,53892.83944910909,53890.00976193839,53539.95161563422,54233.35204619858,20,2000
2020,ST,TDS,22738304.574793305,22660411.40178076,16724665.989528162,29301553.28485337,20,2000
2020,ST,TSP,58532.97901339601,58534.099653125035,58187.343841813585,58882.88855014824,20,2000
2020,ST,TotalN,2098318.868899589,2082365.8315662495,1436916.9669715855,2834577.7901232815,20,2000
2021,CT,Ammonium(NH4),110235.33749447047,110232.03511734791,109773.27025504157,110705.67135406529,31,2000
2021,CT,ICP,115174.40190310111,115168.16706578762,114649.99712122607,115685.53859604831,31,2000
2021,CT,NPOC,2628049.335916663,2621611.217345158,2133909.8027527677,3181386.860614641,31,2000
2021,CT,NitrateNitrite,1906871.2839953648,1901979.6790819746,1519433.3306319697,2297904.6068204357,31,2000
2021,CT,Nitrite,114539.99035118267,114545.88919738625,114057.89066665353,115018.75730161647,31,2000
2021,CT,TDS,34709594.38175754,34572544.03146523,29289970.665424217,40848816.496564955,31,2000
2021,CT,TSP,110289.06207561336,110294.9388075825,109790.84187350995,110773.61649868877,31,2000
2021,CT,TotalN,2759206.0853114985,2757790.518966551,2229694.953631832,3295744.715481751,31,2000
2021,MT,Ammonium(NH4),53330.98024459363,53329.4729647108,53081.41062433236,53595.14477245059,31,2000
2021,MT,ICP,55656.95431066002,55660.2848241497,55403.309218149254,55910.33288303195,31,2000
2021,MT,NPOC,1427336.7684560555,1420240.292172487,1077847.7087508081,1813476.2078399498,31,2000
2021,MT,NitrateNitrite,1126785.2430181424,1123305.8505168078,847381.8413761759,1435950.946774243,31,2000
2021,MT,Nitrite,55486.37538326776,55487.316229957476,55312.58004482817,55663.48263927815,31,2000
2021,MT,TDS,18156954.6515327,18105663.046763353,14388520.509806983,22208420.72199918,31,2000
2021,MT,TSP,55125.49361283095,55124.589022017455,54872.203305173585,55380.63127187125,31,2000
2021,MT,TotalN,1396809.9824906834,1395326.395838345,1043165.2445758311,1797198.3526079904,31,2000
2021,ST,Ammonium(NH4),50092.63413831303,50092.552731787044,50007.51141305438,50179.05107869355,29,2000
2021,ST,ICP,50846.62730386294,50846.16868476781,50760.71067977098,50934.05108965099,29,2000
2021,ST,NPOC,1221809.6267066356,1210148.8918822664,839343.4474990318,1667629.2547578828,29,2000
2021,ST,NitrateNitrite,956179.0034582056,940642.4352401644,631593.8868908224,1336405.5103084017,29,2000
2021,ST,Nitrite,61419.13154820441,61418.17618910274,61350.71731410534,61484.316233863305,29,2000
2021,ST,TDS,15513593.121566271,15461141.220330369,11394071.037219059,20241517.477797497,29,2000
2021,ST,TSP,50186.3280194293,50186.19293965206,50103.43984522563,50267.95588430531,29,2000
2021,ST,TotalN,1180965.786975313,1168945.325445685,806130.0847927984,1622407.0581357607,29,2000
2022,CT,Ammonium(NH4),267739.3106652975,267762.8331494102,266266.8654132233,269193.6036389526,45,2000
2022,CT,ICP,269943.38033361535,269944.8241900788,268449.17858545703,271359.4935738815,45,2000
2022,CT,NPOC,7058456.822634347,7048784.255934132,5891161.0623174,8154222.59387032,45,2000
2022,CT,Nitrate,5328627.677949709,5330207.48104804,4803951.184854841,5871406.781905885,45,2000
2022,CT,NitrateNitrite,5688680.358399948,5689003.701588748,4704925.136477514,6653902.621222914,45,2000
2022,CT,Nitrite,267653.51116495515,267672.24644679134,264874.6112036318,270309.0258133131,45,2000
2022,CT,OrthoP,108969.36183675754,108966.10341769183,108312.28944175354,109649.21793914716,45,2000
2022,CT,Selenium,67280.86913646388,67283.24763589943,66813.51610424889,67723.8072324742,45,2000
2022,CT,TDS,80123257.64264874,80100080.99206042,68418025.48766284,92515167.12561537,45,2000
2022,CT,TKN,1165354.3885471206,1159062.3512109113,1044959.1850460998,1315397.6224356294,45,2000
2022,CT,TSP,266752.17891519604,266771.75928951555,265301.59940002096,268201.5890367945,45,2000
2022,CT,TSS,324008507.7044985,322975429.0478941,294579650.9688253,356006909.5220061,45,2000
2022,CT,TotalN,7088510.955985445,7083917.953893636,5966994.637845589,8257628.295740415,45,2000
2022,CT,TotalP,256817.9521894154,256820.03736033384,255436.0867027164,258208.35824647258,45,2000
2022,MT,Ammonium(NH4),249523.5351532067,249532.98628812874,248170.3256396768,250847.5249523359,47,2000
2022,MT,ICP,261371.7378750197,261381.03559495785,259920.21401129419,262730.66177266755,47,2000
2022,MT,NPOC,6420798.218078808,6430816.4003741555,5402620.271831912,7511913.271141912,47,2000
2022,MT,Nitrate,6305457.074960665,6298081.726053061,5892990.781908783,6768944.652414337,47,2000
2022,MT,NitrateNitrite,5392833.023069403,5395811.292456948,4493915.999338718,6326293.821797561,47,2000
2022,MT,Nitrite,254339.96883134687,254331.63652152725,251673.98064182381,257014.79699194484,47,2000
2022,MT,OrthoP,115120.8938850522,115110.25742505398,114404.40169294493,115874.89074527133,46,2000
2022,MT,Selenium,54496.628173294244,54492.70559961504,54097.80569408801,54896.31898964429,47,2000
2022,MT,TDS,70490611.36672315,70486303.04893014,60703949.42173763,80693914.66771106,47,2000
2022,MT,TKN,1269114.3803491492,1262582.8173314524,1228990.401633898,1330596.8106192488,47,2000
2022,MT,TSP,259589.3036466071,259598.367950767,258167.43358526903,260994.60734554302,47,2000
2022,MT,TSS,417385140.6556457,414962902.2087623,388485288.8491106,453644775.48160475,47,2000
2022,MT,TotalN,6283510.805884395,6260231.370542324,5262989.818174969,7373480.536775219,47,2000
2022,MT,TotalP,330374.185319075,330380.40535822744,328546.75023052737,332194.0487195859,47,2000
2022,ST,Ammonium(NH4),190945.59172655194,190945.32503860132,189920.8127923935,192001.54184365063,47,2000
2022,ST,ICP,188668.24439686455,188665.5486500702,187607.64563442423,189710.14440533402,47,2000
2022,ST,NPOC,5255002.819151848,5235492.597972183,4394498.493279782,6185856.397814179,47,2000
2022,ST,Nitrate,5267477.100233679,5260746.598786702,4917070.000158015,5625218.786229779,47,2000
2022,ST,NitrateNitrite,4388718.403874073,4380086.153356541,3659766.5539792376,5166743.901019992,47,2000
2022,ST,Nitrite,149121.6323114691,149113.5280879974,147879.1943671098,150422.77070980304,47,2000
2022,ST,OrthoP,62443.01068558887,62441.137903966315,62041.42625970791,62863.47822240173,47,2000
2022,ST,Selenium,29774.588593455777,29773.68232661092,29552.13701509578,29997.430477662638,47,2000
2022,ST,TDS,67295690.2329771,67047134.795122325,57874739.81127938,77409661.65038411,47,2000
2022,ST,TKN,1447478.1074384272,1442023.8859538748,1408207.2415745594,1503438.730027358,47,2000
2022,ST,TSP,189769.1646808316,189780.2620940097,188702.62337574348,190854.177706163,47,2000
2022,ST,TSS,501054424.370833,497217886.4914244,470074719.71274775,544800008.9546658,47,2000
2022,ST,TotalN,5251466.441617357,5243443.985907984,4368548.35613446,6183625.915700631,47,2000
2022,ST,TotalP,266754.3235288123,266721.4261488244,264662.964838066,268968.7496636469,47,2000
2023,CT,Ammonium(NH4),1040935.6445263332,1035288.4389421616,1001212.7499389504,1102595.4100161628,45,2000
2023,CT,ICP,1037599.5830114204,1037603.0353802395,1036294.8450758592,1038955.665507207,45,2000
2023,CT,NPOC,31391753.584149126,31305122.750730585,26399445.66038701,36847586.54407622,45,2000
2023,CT,NitrateNitrite,16633714.1923791,16655866.504466107,13810783.268511925,19441504.993676838,45,2000
2023,CT,Selenium,593967.1241510775,593959.0590067917,592944.581636388,594957.9702813986,45,2000
2023,CT,TSP,1039085.3144202807,1031334.1021522052,1001051.3964802654,1102041.741386488,45,2000
2023,CT,TotalN,33211966.80375435,33191512.734120116,27731366.558312315,39018415.969316065,45,2000
2023,MT,Ammonium(NH4),1319120.1534971704,1310625.7926688865,1270028.787786514,1403025.185502231,51,2000
2023,MT,ICP,1348232.7259591168,1340340.3997740035,1300848.1061608125,1425586.762865209,51,2000
2023,MT,NPOC,34072928.62397001,34014561.02898635,29300504.00797157,39085925.96339684,51,2000
2023,MT,NitrateNitrite,19114893.79372697,19131249.82457463,16352343.371667586,22039339.343911808,51,2000
2023,MT,Selenium,750318.8064210146,750289.3081255897,748914.3992668623,751762.3982400417,51,2000
2023,MT,TSP,1323141.9235719768,1313075.8110086457,1274189.7319427426,1407550.0069155106,51,2000
2023,MT,TotalN,35357835.382819824,35261613.37468439,30527595.241541006,40351912.60421783,51,2000
2023,ST,Ammonium(NH4),882882.1439803013,876875.8957924605,848140.5118783034,938935.9388829711,45,2000
2023,ST,ICP,873727.6161483523,868087.1544318112,841847.4408779992,925799.1290842845,45,2000
2023,ST,NPOC,23494488.040060714,23499118.756961867,19792052.398000926,27304010.063500214,45,2000
2023,ST,NitrateNitrite,12846747.851464493,12812232.096865669,10865937.531824451,14968215.58807449,45,2000
2023,ST,Selenium,473738.7623753849,473734.124272666,472859.8066899344,474601.6202618229,45,2000
2023,ST,TSP,882854.882476186,876793.5668126774,848030.7092417293,938391.0299930212,45,2000
2023,ST,TotalN,24876540.387937613,24914887.820424,21048545.48117077,28765214.536646277,45,2000
2024,CT,Ammonium(NH4),947748.8072005309,947790.662143421,943921.9096313976,951472.2266571694,32,2000
2024,CT,ICP,945295.0823140086,945336.6495905047,941510.4311100902,949053.5982320334,32,2000
2024,CT,NPOC,25494677.78764348,25420014.959747504,21196748.529753942,30150260.581581976,32,2000
2024,CT,NitrateNitrite,12845421.185855724,12804466.370777117,10504363.729286743,15324414.881602522,32,2000
2024,CT,Selenium,630394.3290338754,630370.4940040838,627740.8707900329,633082.7395845846,32,2000
2024,CT,TSP,972027.5584441142,972004.0511874333,968360.3323690818,975808.5431055657,32,2000
2024,CT,TotalN,26917430.390697163,26847918.1356236,22301638.486991685,31501202.21952725,32,2000
2024,MT,Ammonium(NH4),960400.6222942426,960419.8384382782,956731.2651427041,964073.8978592906,32,2000
2024,MT,ICP,958931.6222358053,958926.8657309884,955463.893938345,962616.3149339363,32,2000
2024,MT,NPOC,26896260.774844304,26778010.735496737,22257702.838272214,31998773.48163524,32,2000
2024,MT,NitrateNitrite,13381064.509072406,13327660.705325074,10839195.89813716,16177147.158794647,32,2000
2024,MT,Selenium,635068.3609400669,635057.3379901501,632566.6614169118,637616.7100192286,32,2000
2024,MT,TSP,1001143.2939270491,1001142.6099600703,997295.6616533798,1004922.248970231,32,2000
2024,MT,TotalN,27826684.762373574,27826572.489258476,22698893.78995122,33140066.02764027,32,2000
2024,ST,Ammonium(NH4),886083.3589553649,886085.4298389761,884220.4612669222,888097.080452837,32,2000
2024,ST,ICP,881804.7996240462,881819.584358386,879864.3058270388,883688.8712566063,32,2000
2024,ST,NPOC,25669039.496203028,25640811.373819325,21014778.773570962,30214214.471409936,32,2000
2024,ST,NitrateNitrite,12535112.670958726,12529362.759868514,10201356.946684731,14915171.012464186,32,2000
2024,ST,Selenium,588214.3146878021,588212.9621233289,586995.5683121326,589495.7407958854,32,2000
2024,ST,TSP,917259.9639961661,917251.8181167381,915388.4417436677,919249.7152237769,32,2000
2024,ST,TotalN,25332035.465374317,25276620.682904333,20909425.856882192,30122543.80586908,32,2000
2025,CT,Ammonium(NH4),2280828.374106004,2280813.976238284,2277974.3359454735,2283606.602747506,58,2000
2025,CT,ICP,2217226.0707550305,2217224.1565477448,2214348.943999759,2220051.1756836595,58,2000
2025,CT,NPOC,31050540.456588335,30965515.271918066,26936933.57479677,35404349.94737134,58,2000
2025,CT,NitrateNitrite,17669050.77789801,17644074.583357506,15181383.352129016,20254107.533081416,58,2000
2025,CT,Selenium,1875842.3808213535,1875852.3233446786,1873545.2294002532,1878198.9174683192,58,2000
2025,CT,TSP,2302091.5832962724,2302051.6278849356,2299022.576689867,2305032.9907787265,58,2000
2025,CT,TotalN,32510866.843791015,32480288.33989943,28224039.141022496,36910599.34560964,58,2000
2025,MT,Ammonium(NH4),2957784.7291012374,2950881.9115505135,2695694.385200969,3256580.669687144,58,2000
2025,MT,ICP,2900474.719660424,2889956.7741237753,2604203.9508360135,3243335.4142973707,58,2000
2025,MT,NPOC,33986580.738106355,33934133.38520789,29503689.915287644,38655764.10999545,58,2000
2025,MT,NitrateNitrite,19934245.289185926,19944122.143604815,17146734.407656845,22794746.976462416,58,2000
2025,MT,Selenium,2461149.1535363896,2454291.9713324737,2260259.7060965155,2690543.034424052,58,2000
2025,MT,TSP,3027832.0843912973,3023225.83216173,2682339.2781805084,3402518.4893593807,58,2000
2025,MT,TotalN,34927633.69618001,34935106.20390412,30235367.318754505,39623029.19961366,58,2000
2025,ST,Ammonium(NH4),2831942.46962442,2824087.0230348036,2615946.0634600013,3091239.355616297,58,2000
2025,ST,ICP,2781773.4451865703,2776045.3646730357,2575485.292751894,3020284.8834829973,58,2000
2025,ST,NPOC,33772273.96217126,33647638.445756495,29161308.571188252,38618668.17199609,58,2000
2025,ST,NitrateNitrite,18125611.310345367,18117914.885939814,15524039.718586324,20923288.531379476,58,2000
2025,ST,Selenium,2301579.2064514034,2301547.106342923,2298126.661998192,2304934.2215465223,58,2000
2025,ST,TSP,2859569.3642148054,2852213.8396692025,2638397.6761133764,3112310.2954030554,58,2000
2025,ST,TotalN,33941665.190090925,33951938.76262601,29257015.852274723,38853674.12601056,58,2000
