model_version,source,interval_prob,Year,analyte,treatment,n_events,n_rows,volume_mean,volume_low,volume_high,conc_mean,conc_low,conc_high,load_mean,load_low,load_high
v1p7p1,Bayes_Modeled,0.95,2011,NH4,CT,12,12,405305.7433337857,387200.2301589167,424124.38565963984,0.09243297140003719,-0.012108612402848076,0.20058048391468025,37.46591365311713,-5.081288083525616,81.85765685806561
v1p7p1,Bayes_Modeled,0.95,2011,NH4,MT,12,12,419860.9280251939,403256.1338102763,435977.15394965885,0.09763143205152866,-0.0058628980945004015,0.20427661690288273,40.978714098214596,-2.4844210894757652,85.56560503947655
v1p7p1,Bayes_Modeled,0.95,2011,NH4,ST,12,12,420719.9788627746,403200.96062792046,437623.278666603,0.09793824656961786,-0.005745713944297384,0.20718760397841723,41.19075344064285,-2.438258197079472,86.58311917292366
v1p7p1,Bayes_Modeled,0.95,2012,NH4,CT,16,16,540625.5226158007,516618.7746347324,565495.3846718635,0.07847835599902893,-0.01804988707052851,0.18453468770908982,42.40745148349536,-9.870634476935024,100.58709515501093
v1p7p1,Bayes_Modeled,0.95,2012,NH4,MT,18,18,628598.2658744844,604564.9708582812,651647.755121923,0.08252249132532495,-0.016744859592485815,0.18967042775475101,51.85903233131326,-10.2611428030575,122.14282412708252
v1p7p1,Bayes_Modeled,0.95,2012,NH4,ST,16,16,557614.4460551215,537038.8784741746,577124.235781913,0.08240439435493997,-0.018825003510108886,0.1892859543272299,45.93761808990246,-10.486251321517077,105.5533774270335
v1p7p1,Bayes_Modeled,0.95,2013,NH4,CT,14,14,529632.456834561,510464.4822932873,549527.0689423716,0.09832059459466497,-0.0349566572466781,0.2250858805515355,52.069255012201396,-18.89583543501905,118.14900628459583
v1p7p1,Bayes_Modeled,0.95,2013,NH4,MT,14,14,530701.4978768836,511170.24603032495,551062.8581191248,0.09540417206209073,-0.040553898885907505,0.22037851927406327,50.628244963026575,-21.199501971395264,116.8210323578461
v1p7p1,Bayes_Modeled,0.95,2013,NH4,ST,14,14,530701.4978768836,511170.24603032495,551062.8581191248,0.09864786341396012,-0.03520352861784895,0.2250988669010847,52.349880808626,-18.890624892891502,119.00951436604332
v1p7p1,Bayes_Modeled,0.95,2014,NH4,CT,25,25,867787.1521565682,838382.7398810924,896539.9466746203,0.10586887583369034,0.03985334007989534,0.1706252945812563,91.88286800431688,34.14461306327905,149.8471901892409
v1p7p1,Bayes_Modeled,0.95,2014,NH4,MT,8,8,279911.1033538519,268837.1934380884,290660.774814622,0.10063788527109126,0.032105613430046046,0.16766257552213795,28.17195742676254,9.084490023824529,47.47590492813532
v1p7p1,Bayes_Modeled,0.95,2014,NH4,ST,24,24,839733.3100615556,806511.5803142652,871982.324443866,0.10759015411493557,0.04035046513209188,0.17621576818598195,90.35575269835317,34.16818310337496,148.4172235658178
v1p7p1,Bayes_Modeled,0.95,2015,NH4,CT,22,22,745727.4050454964,714684.9548404138,777198.6941107716,0.0957072562311257,0.06670680406936111,0.12631557911560276,71.37861822074929,49.72824248747875,94.59971393662346
v1p7p1,Bayes_Modeled,0.95,2015,NH4,MT,22,22,769913.0268766491,739158.1572188184,799702.3582277503,0.09717521316204623,0.05731953313063459,0.1421411040378213,74.81318723743567,44.89332674710945,109.98304570334022
v1p7p1,Bayes_Modeled,0.95,2015,NH4,ST,22,22,770794.9857365652,739064.1463880608,801062.1181368913,0.10059072064404559,0.06033913387681399,0.14876065736451022,77.53253791757145,46.56241779502176,113.98781530609645
v1p7p1,Bayes_Modeled,0.95,2016,NH4,CT,8,8,212417.56191771847,188663.97029870894,236048.7958101017,0.13222276462071883,0.08432686398891416,0.18193912392867465,28.0955225394108,18.0364327738286,39.31578946487582
v1p7p1,Bayes_Modeled,0.95,2016,NH4,MT,8,8,213286.15776460557,189451.98020571406,237094.18161331577,0.12944440862128473,0.07955318855744846,0.18100622626838628,27.616540903220354,17.02447866951377,39.20722557595657
v1p7p1,Bayes_Modeled,0.95,2016,NH4,ST,8,8,213162.0726436217,189335.41391096526,236981.11419700092,0.1326216234942348,0.08376444101869494,0.18417392818441347,28.28013907440114,17.867206473219852,39.955152808640705
v1p7p1,Bayes_Modeled,0.95,2017,NH4,CT,30,30,1111410.176538146,1067162.5580331823,1157502.6373436188,0.10569378636562457,-0.010830337350240568,0.2205455670919659,117.49312686890423,-12.266113854126562,239.93387024550043
v1p7p1,Bayes_Modeled,0.95,2017,NH4,MT,24,24,908370.8799923235,875444.1787375235,942735.8973080958,0.10756059550570882,-0.008710247791777335,0.2238311557619711,97.7396525668975,-7.737083816859085,202.21750255113326
v1p7p1,Bayes_Modeled,0.95,2017,NH4,ST,29,29,1098081.9222169921,1058216.0345875567,1139648.7752038115,0.11092107350560809,-0.006691679064920037,0.22797842481747116,121.844149750329,-7.207909118076438,248.58958789750028
v1p7p1,Bayes_Modeled,0.95,2018,NH4,CT,10,10,405454.0141125399,233180.88877849397,575259.9905813948,0.12069322232352007,-0.0018170928315864323,0.2300915504093562,48.11766270839198,-0.7912104260836821,110.57984682717026
v1p7p1,Bayes_Modeled,0.95,2018,NH4,MT,10,10,413901.34734874964,241743.30829859013,582995.3866154861,0.11689416392504096,0.002895176524746535,0.2331507707327427,49.28814938338403,1.2168495134136899,108.85930857284798
v1p7p1,Bayes_Modeled,0.95,2018,NH4,ST,10,10,413901.34734874964,241743.30829859013,582995.3866154861,0.12013785527691034,0.00774520531019056,0.23463986730322803,50.608751702120884,2.40679149731406,112.6929436989987
v1p7p1,Bayes_Modeled,0.95,2019,NH4,CT,2,2,99885.46990118944,96372.32566782835,103074.13403473006,0.13767595101634786,0.014291759209864438,0.24834019948853736,13.753486707098139,1.4113292409222156,24.828925108885702
v1p7p1,Bayes_Modeled,0.95,2019,NH4,MT,2,2,99885.46990118944,96372.32566782835,103074.13403473006,0.13443225966447847,0.013843276394943236,0.24541113927026634,13.429811856893915,1.3588483292612539,24.53076261274293
v1p7p1,Bayes_Modeled,0.95,2019,NH4,ST,2,2,99885.46990118944,96372.32566782835,103074.13403473006,0.13767595101634786,0.014291759209864438,0.24834019948853736,13.753486707098139,1.4113292409222156,24.828925108885702
v1p7p1,Bayes_Modeled,0.95,2020,NH4,CT,20,20,700842.0269222991,671960.0994909306,728534.6551118072,0.09784045000071505,0.019125353656447963,0.16903944477025135,68.58399392724286,13.261080876475388,117.99107130648821
v1p7p1,Bayes_Modeled,0.95,2020,NH4,MT,20,20,699923.3197765531,671959.6047313667,727007.9806235237,0.09439988599973842,0.01730486018709477,0.16102360726818457,66.084830233229,12.127094799319822,114.0380645403794
v1p7p1,Bayes_Modeled,0.95,2020,NH4,ST,20,20,701355.0711725209,671986.8290820706,729670.4430841042,0.09795039186969702,0.018728224563405088,0.1697191308963909,68.71126073695419,12.996468028842301,118.66747588551098
v1p7p1,Bayes_Modeled,0.95,2021,NH4,CT,31,31,1047169.2911343317,1000476.2996787631,1095691.498779568,0.08687360301630283,0.007967577662980934,0.171169578517997,90.9916452757136,8.241939078442332,178.84788891640997
v1p7p1,Bayes_Modeled,0.95,2021,NH4,MT,31,31,1074595.0856871759,1038791.265769389,1110634.796033496,0.08742162775048588,0.004768105753278169,0.16802876091176838,93.95206044842723,5.097946526227003,180.79754383173437
v1p7p1,Bayes_Modeled,0.95,2021,NH4,ST,29,29,1003501.7368860213,970332.8618089657,1036682.553124916,0.09136035366010695,0.009166437088988896,0.17326647478991086,91.69183796045571,9.15282438012575,173.3903579526664
v1p7p1,Bayes_Modeled,0.95,2022,NH4,CT,45,45,1562049.0882882322,1509107.480706458,1613813.2825261331,0.08930688111408695,0.0060882882644952615,0.17044751454537527,139.51780388137826,9.501423410960024,267.43055573578675
v1p7p1,Bayes_Modeled,0.95,2022,NH4,MT,47,47,1634636.2310458464,1576268.0518740243,1689859.473213173,0.08625297058700286,0.0040858164060185425,0.1678055586496623,141.0060127910785,6.795191456541929,276.8713078099344
v1p7p1,Bayes_Modeled,0.95,2022,NH4,ST,47,47,1632953.9231555841,1576486.5157168985,1687286.1650391854,0.08934325467982765,0.006393097488267252,0.17034638585602474,145.91095548185677,10.467289201517456,281.3787169365663
v1p7p1,Bayes_Modeled,0.95,2023,NH4,CT,45,45,1891604.703247077,1839537.5245296792,1943185.1576235592,0.10562029880212147,-0.0020665662823135355,0.22027057815005058,199.76165883824723,-3.9002520442773934,420.1576995988909
v1p7p1,Bayes_Modeled,0.95,2023,NH4,MT,51,51,2123551.0604774887,2063157.753034573,2182407.415238467,0.10524736824019294,-0.0047228680706824615,0.22440400631028942,223.46847907373382,-10.003172325382472,474.53948441947665
v1p7p1,Bayes_Modeled,0.95,2023,NH4,ST,45,45,1903389.8069251366,1849525.712600364,1957403.1963994538,0.10661025508335085,-6.022833949550622e-4,0.22384208253833626,202.8984635539075,-1.174441773343163,425.7399898995095
v1p7p1,Bayes_Modeled,0.95,2024,NH4,CT,32,32,1598167.518419031,1541957.2106852536,1649186.144555681,0.1251911242466218,-0.004427689217060254,0.25402696037862016,200.0944854094319,-7.119801689261932,410.64267401180837
v1p7p1,Bayes_Modeled,0.95,2024,NH4,MT,32,32,1598167.518419031,1541957.2106852536,1649186.144555681,0.12533915178734806,-0.004109967681420768,0.2534757927478908,200.3298349263968,-6.610659041975652,410.4328562155115
v1p7p1,Bayes_Modeled,0.95,2024,NH4,ST,32,32,1598167.518419031,1541957.2106852536,1649186.144555681,0.1253409089986284,-0.004249606462417784,0.25396981084565284,200.33356844669703,-6.835899706361075,410.6407436880696
v1p7p1,Bayes_Modeled,0.95,2025,NH4,CT,58,58,2016110.3671513284,1945378.8677230473,2083625.9391173155,0.09168541203387594,-0.01792150360552143,0.19894394309724428,184.8204543302132,-36.182621148118066,397.6286915674384
v1p7p1,Bayes_Modeled,0.95,2025,NH4,MT,58,58,2011750.6841506064,1943686.9057341195,2078325.3538219014,0.09136325678988226,-0.017240722218720576,0.19744046987622768,183.77938981279314,-34.92778362859248,396.85123201946726
v1p7p1,Bayes_Modeled,0.95,2025,NH4,ST,58,58,2000816.875990066,1936376.2185632274,2064765.6121410034,0.09055531189224734,-0.016725419493435048,0.1962063733810866,181.1807796119301,-33.253258084524575,388.71242841597746
v1p7p1,Bayes_Modeled,0.95,2011,NO3,CT,12,12,405305.7433337857,387200.2301589167,424124.38565963984,7.217250366974453,6.682358365163297,7.8023725397143,2925.209177398733,2670.542478076432,3179.394640382373
v1p7p1,Bayes_Modeled,0.95,2011,NO3,MT,12,12,419860.9280251939,403256.1338102763,435977.15394965885,7.216504622184086,6.619025870455282,7.833199771137728,3029.9269451707532,2747.0945325692855,3299.0032081627232
v1p7p1,Bayes_Modeled,0.95,2011,NO3,ST,12,12,420719.9788627746,403200.96062792046,437623.278666603,7.216460608129962,6.611393111143361,7.856363598115134,3036.1044945281924,2748.3797971125205,3310.6921576976365
v1p7p1,Bayes_Modeled,0.95,2012,NO3,CT,20,20,676260.0485796959,646578.3752370938,706797.0317495121,8.127432654080625,7.69412656565015,8.562384178918627,5496.355963887949,5113.793960176719,5888.983957351427
v1p7p1,Bayes_Modeled,0.95,2012,NO3,MT,18,18,628598.2658744844,604564.9708582812,651647.755121923,8.167783850486993,7.660752081725924,8.712629729826153,5134.262936410171,4750.824918524573,5521.066369264085
v1p7p1,Bayes_Modeled,0.95,2012,NO3,ST,17,17,592698.3068169522,570597.6785755235,613455.8045224156,7.865134271158161,7.37679263463019,8.380123209371344,4661.6376100977695,4331.247330147324,5006.279911183288
v1p7p1,Bayes_Modeled,0.95,2013,NO3,CT,14,14,529632.456834561,510464.4822932873,549527.0689423716,8.00968288516157,7.443576425913148,8.578893745134533,4242.084192820875,3905.145807093073,4562.354422318611
v1p7p1,Bayes_Modeled,0.95,2013,NO3,MT,14,14,530701.4978768836,511170.24603032495,551062.8581191248,8.146983642275316,7.489704242333776,8.767742371061784,4323.5507094834775,3955.9222848817853,4678.599512195835
v1p7p1,Bayes_Modeled,0.95,2013,NO3,ST,14,14,530701.4978768836,511170.24603032495,551062.8581191248,8.00963593683717,7.438364245204985,8.582736182872978,4250.625854066088,3908.1433087855976,4579.027266287778
v1p7p1,Bayes_Modeled,0.95,2014,NO3,CT,25,25,867787.1521565682,838382.7398810924,896539.9466746203,8.476223137804212,7.948605145806743,8.997188300525693,7355.5007711602,6809.304610537718,7888.171139261525
v1p7p1,Bayes_Modeled,0.95,2014,NO3,MT,8,8,279911.1033538519,268837.1934380884,290660.774814622,8.101308918974272,7.503328264167988,8.708744989918614,2267.627556702589,2069.1043815680982,2460.3148132724573
v1p7p1,Bayes_Modeled,0.95,2014,NO3,ST,24,24,839733.3100615556,806511.5803142652,871982.324443866,8.512142181405073,7.969982478044692,9.059430576378386,7147.827825816707,6609.394875456225,7705.321336023006
v1p7p1,Bayes_Modeled,0.95,2015,NO3,CT,22,22,745727.4050454964,714684.9548404138,777198.6941107716,7.9728909799195655,7.615458314986614,8.327741994967488,5945.558110897623,5608.627217833047,6317.980466816429
v1p7p1,Bayes_Modeled,0.95,2015,NO3,MT,22,22,769913.0268766491,739158.1572188184,799702.3582277503,8.109562776199885,7.699530144625816,8.530945334438037,6243.55278180333,5837.274891856909,6632.543331960565
v1p7p1,Bayes_Modeled,0.95,2015,NO3,ST,22,22,770794.9857365652,739064.1463880608,801062.1181368913,7.972190422891431,7.590600981713651,8.391027387426426,6144.780231869028,5761.335591191848,6537.3914267183045
v1p7p1,Bayes_Modeled,0.95,2016,NO3,CT,8,8,212417.56191771847,188663.97029870894,236048.7958101017,4.8836659882918205,4.4164965188552845,5.377675934948675,1037.353794543652,891.6750208984068,1192.2520071077097
v1p7p1,Bayes_Modeled,0.95,2016,NO3,MT,8,8,213286.15776460557,189451.98020571406,237094.18161331577,5.020946939081212,4.489509032038905,5.559729705827755,1070.8637560891802,913.7154634998311,1243.5572008052582
v1p7p1,Bayes_Modeled,0.95,2016,NO3,ST,8,8,213162.0726436217,189335.41391096526,236981.11419700092,4.8836087700214605,4.408827303161246,5.39343323459057,1040.9632304277568,893.6752634952463,1194.3489325514483
v1p7p1,Bayes_Modeled,0.95,2017,NO3,CT,30,30,1111410.176538146,1067162.5580331823,1157502.6373436188,8.684357755110508,8.325544103383631,9.05645396091195,9651.906863252023,9077.340153649384,10219.422543877186
v1p7p1,Bayes_Modeled,0.95,2017,NO3,MT,24,24,908370.8799923235,875444.1787375235,942735.8973080958,8.836816407214897,8.360257334097474,9.349214718972794,8027.061594466933,7487.375108352373,8572.932847411397
v1p7p1,Bayes_Modeled,0.95,2017,NO3,ST,29,29,1098081.9222169921,1058216.0345875567,1139648.7752038115,8.68541992945364,8.231880829508787,9.137909040848387,9537.172761921483,8915.326164313406,10162.664918516255
v1p7p1,Bayes_Modeled,0.95,2018,NO3,CT,10,10,405454.0141125399,233180.88877849397,575259.9905813948,8.02418082807426,5.340405369270682,10.261397422141513,3160.290316263617,1659.1018263147005,5150.947348649032
v1p7p1,Bayes_Modeled,0.95,2018,NO3,MT,10,10,413901.34734874964,241743.30829859013,582995.3866154861,7.956132910362413,5.488037155196825,10.535711160666539,3281.1665544449515,1753.835024124181,5347.2053125860075
v1p7p1,Bayes_Modeled,0.95,2018,NO3,ST,10,10,413901.34734874964,241743.30829859013,582995.3866154861,7.818785204924268,5.346454036250254,10.350458350784756,3224.3902725275407,1714.9068719217526,5274.335300485013
v1p7p1,Bayes_Modeled,0.95,2019,NO3,CT,2,2,99885.46990118944,96372.32566782835,103074.13403473006,8.37156275089599,6.300492762983556,10.315156181242187,836.2054670339568,628.2268599251181,1031.6025414566418
v1p7p1,Bayes_Modeled,0.95,2019,NO3,MT,2,2,99885.46990118944,96372.32566782835,103074.13403473006,8.508910456334135,6.4302062898289325,10.450286586271346,849.9296091842406,640.3639045287005,1046.6971277608095
v1p7p1,Bayes_Modeled,0.95,2019,NO3,ST,2,2,99885.46990118944,96372.32566782835,103074.13403473006,8.37156275089599,6.300492762983556,10.315156181242187,836.2054670339568,628.2268599251181,1031.6025414566418
v1p7p1,Bayes_Modeled,0.95,2020,NO3,CT,20,20,700842.0269222991,671960.0994909306,728534.6551118072,7.4676966357319845,7.061011711766175,7.870637824454304,5233.4026884802915,4897.346762897085,5573.273482961991
v1p7p1,Bayes_Modeled,0.95,2020,NO3,MT,20,20,699923.3197765531,671959.6047313667,727007.9806235237,7.6736536773161905,7.250427157204568,8.109879706756457,5370.739073953933,5017.028327357475,5726.124981618799
v1p7p1,Bayes_Modeled,0.95,2020,NO3,ST,20,20,701355.0711725209,671986.8290820706,729670.4430841042,7.536261957823921,7.123986286492114,7.9445916996305,5285.31575363703,4942.648728818758,5625.732217904
v1p7p1,Bayes_Modeled,0.95,2021,NO3,CT,31,31,1047169.2911343317,1000476.2996787631,1095691.498779568,7.8107968645034,7.49637022458197,8.148310702569436,8179.233737029167,7702.134732418077,8658.575013592043
v1p7p1,Bayes_Modeled,0.95,2021,NO3,MT,31,31,1074595.0856871759,1038791.265769389,1110634.796033496,7.947600629589335,7.477235652585527,8.414272360121043,8540.303195284401,7989.351723130354,9105.435836392677
v1p7p1,Bayes_Modeled,0.95,2021,NO3,ST,29,29,1003501.7368860213,970332.8618089657,1036682.553124916,8.188994449118246,7.783279576329266,8.605701797200428,8217.490644102707,7741.950192900877,8705.70653131442
v1p7p1,Bayes_Modeled,0.95,2022,NO3,CT,45,45,1562049.0882882322,1509107.480706458,1613813.2825261331,6.683636895135049,6.404848985771007,6.970483744702783,10439.979365979663,9871.503136166222,10999.17350501299
v1p7p1,Bayes_Modeled,0.95,2022,NO3,MT,47,47,1634636.2310458464,1576268.0518740243,1689859.473213173,6.80848288873319,6.498837849500639,7.131778994285276,11129.269613789771,10505.063362268156,11781.85992429329
v1p7p1,Bayes_Modeled,0.95,2022,NO3,ST,47,47,1632953.9231555841,1576486.5157168985,1687286.1650391854,6.671157190322106,6.387940320595549,6.960422872737952,10893.490542139576,10293.243793440532,11475.399991466298
v1p7p1,Bayes_Modeled,0.95,2023,NO3,CT,45,45,1891604.703247077,1839537.5245296792,1943185.1576235592,7.38634436668816,7.167853489143838,7.594367799381838,13971.857252284693,13427.849543621922,14518.216855759561
v1p7p1,Bayes_Modeled,0.95,2023,NO3,MT,51,51,2123551.0604774887,2063157.753034573,2182407.415238467,7.258548115076432,7.034901391199401,7.475285405056819,15413.607935720493,14834.978863878354,16034.167159161289
v1p7p1,Bayes_Modeled,0.95,2023,NO3,ST,45,45,1903389.8069251366,1849525.712600364,1957403.1963994538,7.374672569348196,7.127354363294729,7.615666401463255,14036.562797183336,13469.165273955286,14615.264365762258
v1p7p1,Bayes_Modeled,0.95,2024,NO3,CT,32,32,1598167.518419031,1541957.2106852536,1649186.144555681,6.707791859319351,6.3740902074518,7.0309388003483235,10720.128861090703,10074.42937851058,11334.957953698355
v1p7p1,Bayes_Modeled,0.95,2024,NO3,MT,32,32,1598167.518419031,1541957.2106852536,1649186.144555681,6.709510158828098,6.375637263942142,7.030637859896851,10722.87560946139,10076.725186645575,11345.56570887157
v1p7p1,Bayes_Modeled,0.95,2024,NO3,ST,32,32,1598167.518419031,1541957.2106852536,1649186.144555681,6.71057269699717,6.374328012824072,7.0336063398540345,10724.570440414807,10080.986674666248,11342.235159353113
v1p7p1,Bayes_Modeled,0.95,2025,NO3,CT,58,58,2016110.3671513284,1945378.8677230473,2083625.9391173155,0.7914664080802102,0.503714892268631,1.0595631581406466,1595.4675439487703,1010.6660618963501,2147.021744489314
v1p7p1,Bayes_Modeled,0.95,2025,NO3,MT,58,58,2011750.6841506064,1943686.9057341195,2078325.3538219014,0.7915126228370399,0.5149272183851199,1.0473801241256988,1592.1250551255055,1020.0598200180498,2122.16605289199
v1p7p1,Bayes_Modeled,0.95,2025,NO3,ST,58,58,2000816.875990066,1936376.2185632274,2064765.6121410034,0.7916285265128987,0.5295339290880641,1.0437958113301256,1583.7346739196716,1066.2829718384655,2086.1824144558564
v1p7p1,Bayes_Modeled,0.95,2011,NO2,CT,12,12,405305.7433337857,387200.2301589167,424124.38565963984,0.4188185088261408,-0.005823951836085375,0.8115804379296341,169.8146014162902,-2.409026447047961,331.24750007371233
v1p7p1,Bayes_Modeled,0.95,2011,NO2,MT,12,12,419860.9280251939,403256.1338102763,435977.15394965885,0.34849482706284446,-0.060206469831453294,0.7461253035715449,146.3311967728871,-25.193626491277975,313.555321478154
v1p7p1,Bayes_Modeled,0.95,2011,NO2,ST,12,12,420719.9788627746,403200.96062792046,437623.278666603,0.3443443048261754,-0.06470513172866563,0.7460665812290618,144.8828460037632,-27.01598546103684,312.4639217871302
v1p7p1,Bayes_Modeled,0.95,2012,NO2,CT,16,16,540625.5226158007,516618.7746347324,565495.3846718635,0.3521711946649409,-0.09424273433517677,0.741645656630397,190.45737922908972,-51.31421524443279,401.1297531068957
v1p7p1,Bayes_Modeled,0.95,2012,NO2,MT,18,18,628598.2658744844,604564.9708582812,651647.755121923,0.29717792198187765,-0.11183004549745737,0.663065752374475,186.77208402268093,-69.98093840334204,414.0880489212252
v1p7p1,Bayes_Modeled,0.95,2012,NO2,ST,16,16,557614.4460551215,537038.8784741746,577124.235781913,0.28781832408503155,-0.12622452520394012,0.6540077929113868,160.47990543507396,-71.86148724071779,364.1128249455305
v1p7p1,Bayes_Modeled,0.95,2013,NO2,CT,14,14,529632.456834561,510464.4822932873,549527.0689423716,0.21684526803522644,-0.2101473250763124,0.6810108183489012,114.90277393639951,-111.27756518881213,359.55784155884464
v1p7p1,Bayes_Modeled,0.95,2013,NO2,MT,14,14,530701.4978768836,511170.24603032495,551062.8581191248,0.21226086391885024,-0.20643729833410848,0.6632960445393099,112.68965883570519,-110.49993595555726,354.29810978303516
v1p7p1,Bayes_Modeled,0.95,2013,NO2,ST,14,14,530701.4978768836,511170.24603032495,551062.8581191248,0.21241804431611278,-0.21269867526389158,0.6759943558787382,112.77926322247313,-112.47134279260314,355.7252619716256
v1p7p1,Bayes_Modeled,0.95,2014,NO2,CT,25,25,867787.1521565682,838382.7398810924,896539.9466746203,0.4137585108592704,0.0611400791139555,0.6790035817584579,359.1496029169768,52.945465336879934,598.7604962982705
v1p7p1,Bayes_Modeled,0.95,2014,NO2,MT,8,8,279911.1033538519,268837.1934380884,290660.774814622,0.3776426273650346,0.014205620515887439,0.6433928399826451,105.72226826061583,3.947988809214965,181.92002217743655
v1p7p1,Bayes_Modeled,0.95,2014,NO2,ST,24,24,839733.3100615556,806511.5803142652,871982.324443866,0.3982919054906282,0.047245480829866585,0.6647669353696591,334.52872203670665,39.64062143000231,564.494882314753
v1p7p1,Bayes_Modeled,0.95,2015,NO2,CT,22,22,745727.4050454964,714684.9548404138,777198.6941107716,0.4383639686320969,0.04539457685409677,0.7231400324852653,327.12172332423955,33.75760762341447,539.1311228786521
v1p7p1,Bayes_Modeled,0.95,2015,NO2,MT,22,22,769913.0268766491,739158.1572188184,799702.3582277503,0.37446860175371965,0.030247522465314258,0.6538568346540512,288.3667925725312,23.1938790101386,508.8553276535467
v1p7p1,Bayes_Modeled,0.95,2015,NO2,ST,22,22,770794.9857365652,739064.1463880608,801062.1181368913,0.3723014896984475,0.02700158788681735,0.6521350692059864,287.0431234444332,20.617388987392534,509.93249872564064
v1p7p1,Bayes_Modeled,0.95,2016,NO2,CT,8,8,212417.56191771847,188663.97029870894,236048.7958101017,0.29265651935072895,-0.20102900290059353,0.7145154220649461,62.36622082408192,-42.09994051449775,155.49590723229238
v1p7p1,Bayes_Modeled,0.95,2016,NO2,MT,8,8,213286.15776460557,189451.98020571406,237094.18161331577,0.2862043802278516,-0.20602762340514674,0.7053100858695851,61.23451463425036,-42.551588622183885,153.8403402387398
v1p7p1,Bayes_Modeled,0.95,2016,NO2,ST,8,8,213162.0726436217,189335.41391096526,236981.11419700092,0.2872608404430591,-0.20943883937301566,0.7057879380870473,61.43020149247889,-43.025166331151155,153.70494244502265
v1p7p1,Bayes_Modeled,0.95,2017,NO2,CT,30,30,1111410.176538146,1067162.5580331823,1157502.6373436188,0.310450144970036,-0.03327090610651147,0.6791947185867881,345.179492831447,-37.57655651727896,760.2018758165773
v1p7p1,Bayes_Modeled,0.95,2017,NO2,MT,24,24,908370.8799923235,875444.1787375235,942735.8973080958,0.2616559176744727,-0.07232062788357693,0.6091148831796206,237.75022395073202,-64.52854159514237,552.0575477868524
v1p7p1,Bayes_Modeled,0.95,2017,NO2,ST,29,29,1098081.9222169921,1058216.0345875567,1139648.7752038115,0.2608896996334564,-0.08014496854535622,0.6122462062545799,286.5766075897238,-87.22516467576058,686.0268211001246
v1p7p1,Bayes_Modeled,0.95,2018,NO2,CT,10,10,405454.0141125399,233180.88877849397,575259.9905813948,0.4041944769480626,-0.002597770574821911,0.7704531973652502,160.7133984053923,-1.047318036116592,369.6549176823553
v1p7p1,Bayes_Modeled,0.95,2018,NO2,MT,10,10,413901.34734874964,241743.30829859013,582995.3866154861,0.3415270459579012,-0.04863306530306201,0.693848762413042,143.38187817627787,-18.30073506117634,346.82967709149267
v1p7p1,Bayes_Modeled,0.95,2018,NO2,ST,10,10,413901.34734874964,241743.30829859013,582995.3866154861,0.3416842263551637,-0.04542789569384024,0.7012833870158288,143.53568189149937,-19.354932884608097,337.19763412804144
v1p7p1,Bayes_Modeled,0.95,2019,NO2,CT,2,2,99885.46990118944,96372.32566782835,103074.13403473006,0.3324087274092217,-0.001554636522969601,0.6753741379436852,33.20965157888245,-0.15425829578032701,67.93839306229565
v1p7p1,Bayes_Modeled,0.95,2019,NO2,MT,2,2,99885.46990118944,96372.32566782835,103074.13403473006,0.3322515470119592,-0.010627358776081182,0.6886536350201066,33.1920369343348,-1.0553808592663847,69.10686694756342
v1p7p1,Bayes_Modeled,0.95,2019,NO2,ST,2,2,99885.46990118944,96372.32566782835,103074.13403473006,0.3324087274092217,-0.001554636522969601,0.6753741379436852,33.20965157888245,-0.15425829578032701,67.93839306229565
v1p7p1,Bayes_Modeled,0.95,2020,NO2,CT,20,20,700842.0269222991,671960.0994909306,728534.6551118072,0.3533596308161571,0.04625524346562145,0.5915248136855522,247.72608876377907,32.106233238756765,418.17266434431326
v1p7p1,Bayes_Modeled,0.95,2020,NO2,MT,20,20,699923.3197765531,671959.6047313667,727007.9806235237,0.3558657021874239,0.042573710352369495,0.5838161698931363,249.13788675300177,29.61109855017366,416.4269635291888
v1p7p1,Bayes_Modeled,0.95,2020,NO2,ST,20,20,701355.0711725209,671986.8290820706,729670.4430841042,0.3518723603480174,0.047355771129846985,0.5884907441123272,246.86391548190156,32.61610818146137,417.0195605689553
v1p7p1,Bayes_Modeled,0.95,2021,NO2,CT,31,31,1047169.2911343317,1000476.2996787631,1095691.498779568,0.3792440116011485,0.07256640570479203,0.6243966024629813,397.17158506350063,75.59660408944183,651.3461367620666
v1p7p1,Bayes_Modeled,0.95,2021,NO2,MT,31,31,1074595.0856871759,1038791.265769389,1110634.796033496,0.3277932938957173,0.044995608348517444,0.5408634372350782,352.2336302301721,47.36607921713842,581.2789367304542
v1p7p1,Bayes_Modeled,0.95,2021,NO2,ST,29,29,1003501.7368860213,970332.8618089657,1036682.553124916,0.3282944483385982,0.04865724267573231,0.5458550414986072,329.45730083377504,48.82153771761849,545.3639161334365
v1p7p1,Bayes_Modeled,0.95,2022,NO2,CT,45,45,1562049.0882882322,1509107.480706458,1613813.2825261331,0.2276500822582826,0.16475037401654663,0.2968395548609375,355.61247343700575,256.338959030645,464.84238965431877
v1p7p1,Bayes_Modeled,0.95,2022,NO2,MT,47,47,1634636.2310458464,1576268.0518740243,1689859.473213173,0.22502518767263985,0.15219678454998903,0.2988287962069426,367.802008800761,250.08718150158325,486.76199143151985
v1p7p1,Bayes_Modeled,0.95,2022,NO2,ST,47,47,1632953.9231555841,1576486.5157168985,1687286.1650391854,0.22725762918823691,0.16334633597413062,0.2985471296150196,371.11256597752407,268.18900618806083,487.1466202022074
v1p7p1,Bayes_Modeled,0.95,2023,NO2,CT,45,45,1891604.703247077,1839537.5245296792,1943185.1576235592,0.01723480452357622,-0.03313596862707496,0.06782031814588016,32.63643278370448,-61.96691368886158,128.00709427854306
v1p7p1,Bayes_Modeled,0.95,2023,NO2,MT,51,51,2123551.0604774887,2063157.753034573,2182407.415238467,0.012086112387295806,-0.033881608068273866,0.059603304322247794,25.703939111193957,-72.15623988994984,126.62400260105812
v1p7p1,Bayes_Modeled,0.95,2023,NO2,ST,45,45,1903389.8069251366,1849525.712600364,1957403.1963994538,0.0014734116432867533,-0.048553421136795075,0.05159882133888255,2.82745080218664,-91.667941089885,98.35534364208209
v1p7p1,Bayes_Modeled,0.95,2024,NO2,CT,32,32,1598167.518419031,1541957.2106852536,1649186.144555681,0.025116837531754494,-0.04220187713103384,0.09004714457973538,40.18708663056943,-66.96905691030453,143.1964475179305
v1p7p1,Bayes_Modeled,0.95,2024,NO2,MT,32,32,1598167.518419031,1541957.2106852536,1649186.144555681,0.02128224606394236,-0.0466172010637335,0.08671994714384057,34.0575019977879,-73.85812948037638,137.66648991509624
v1p7p1,Bayes_Modeled,0.95,2024,NO2,ST,32,32,1598167.518419031,1541957.2106852536,1649186.144555681,0.025052004743875433,-0.042748349386504875,0.09043701285911647,40.08303376578192,-67.15185938947484,143.39733611197863
v1p7p1,Bayes_Modeled,0.95,2025,NO2,CT,58,58,2016110.3671513284,1945378.8677230473,2083625.9391173155,0.7332075172149946,0.6747058965009918,0.7935872846601411,1478.2217895053295,1353.7205990558177,1603.766132550334
v1p7p1,Bayes_Modeled,0.95,2025,NO2,MT,58,58,2011750.6841506064,1943686.9057341195,2078325.3538219014,0.7375655655634972,0.6802406337407005,0.7981554817940413,1483.7976687274745,1362.1959134208496,1609.9880122150003
v1p7p1,Bayes_Modeled,0.95,2025,NO2,ST,58,58,2000816.875990066,1936376.2185632274,2064765.6121410034,0.748495274120059,0.6897259691347797,0.8139196156999988,1497.6187070504393,1372.6866171578542,1634.4100831041837
v1p7p1,Bayes_Modeled,0.95,2011,OP,CT,12,12,405305.7433337857,387200.2301589167,424124.38565963984,0.16489684497874202,0.08996952653044718,0.23788607759502836,66.84735685331758,36.2379729173293,96.31415857662458
v1p7p1,Bayes_Modeled,0.95,2011,OP,MT,12,12,419860.9280251939,403256.1338102763,435977.15394965885,0.12135034107199671,0.04529354483748166,0.19829737409683368,50.95450593309713,19.10872069214507,84.50102720915314
v1p7p1,Bayes_Modeled,0.95,2011,OP,ST,12,12,420719.9788627746,403200.96062792046,437623.278666603,0.11878021493152384,0.040570415657481526,0.19772277147469008,49.97681859413815,17.00055917267868,84.65816389302682
v1p7p1,Bayes_Modeled,0.95,2012,OP,CT,16,16,540625.5226158007,516618.7746347324,565495.3846718635,0.196453492877073,0.12560035826529786,0.2642625797845184,106.20956965715357,67.89193227750354,143.9306276557844
v1p7p1,Bayes_Modeled,0.95,2012,OP,MT,18,18,628598.2658744844,604564.9708582812,651647.755121923,0.1688353716117881,0.09347794026926887,0.24665294383610084,106.11583312346704,58.99543416639925,156.18288889277352
v1p7p1,Bayes_Modeled,0.95,2012,OP,ST,16,16,557614.4460551215,537038.8784741746,577124.235781913,0.1611076929527185,0.0877591915330059,0.2381743385033347,89.82260195049437,49.00528743459874,133.393771579689
v1p7p1,Bayes_Modeled,0.95,2013,OP,CT,14,14,529632.456834561,510464.4822932873,549527.0689423716,0.0836430124973316,-0.05785253547233396,0.2417811261483231,44.28912152731296,-30.687635575125974,129.87096917238932
v1p7p1,Bayes_Modeled,0.95,2013,OP,MT,14,14,530701.4978768836,511170.24603032495,551062.8581191248,0.0842993384097763,-0.06168642039654233,0.24149110095480386,44.726914009351354,-32.8239052571523,129.0114988408107
v1p7p1,Bayes_Modeled,0.95,2013,OP,ST,14,14,530701.4978768836,511170.24603032495,551062.8581191248,0.08090154461416055,-0.061269626825496706,0.24048956081712208,42.920221115978144,-32.44240737543539,128.95598148242598
v1p7p1,Bayes_Modeled,0.95,2014,OP,CT,25,25,867787.1521565682,838382.7398810924,896539.9466746203,0.16169652685382374,0.10410266407321997,0.22161462754411873,140.3079093438808,90.13477272004701,191.70073488730787
v1p7p1,Bayes_Modeled,0.95,2014,OP,MT,12,12,419866.6550307778,403255.7901571326,435991.162221933,0.1589825651748952,0.09348999420834778,0.22983703543868156,66.75067605970405,39.14887873040361,97.54452273705664
v1p7p1,Bayes_Modeled,0.95,2014,OP,ST,24,24,839733.3100615556,806511.5803142652,871982.324443866,0.15266026451778375,0.08999589022967047,0.21725768417590663,128.1905124380013,75.22554155491711,182.70525705266476
v1p7p1,Bayes_Modeled,0.95,2015,OP,CT,22,22,745727.4050454964,714684.9548404138,777198.6941107716,0.07458228722942652,0.025550390110455033,0.12429264463205103,55.62576299267498,18.932689409410255,93.152107552371
v1p7p1,Bayes_Modeled,0.95,2015,OP,MT,22,22,769913.0268766491,739158.1572188184,799702.3582277503,0.03851151059451393,-0.017833010602587872,0.0949831021439086,29.65198109043997,-13.705195440585058,73.41616071999366
v1p7p1,Bayes_Modeled,0.95,2015,OP,ST,22,22,770794.9857365652,739064.1463880608,801062.1181368913,0.033674446160233365,-0.01753865831738214,0.0857828440603455,25.95376029070725,-13.555824660160365,67.14469482411369
v1p7p1,Bayes_Modeled,0.95,2016,OP,CT,8,8,212417.56191771847,188663.97029870894,236048.7958101017,0.019965821470494974,-0.04633493814304736,0.08462964518392499,4.263014773116943,-10.012906580780928,18.492257328164477
v1p7p1,Bayes_Modeled,0.95,2016,OP,MT,8,8,213286.15776460557,189451.98020571406,237094.18161331577,0.01946559061972685,-0.053770893469885186,0.09221436218038703,4.168297281441924,-11.6155662454601,19.782011097387507
v1p7p1,Bayes_Modeled,0.95,2016,OP,ST,8,8,213162.0726436217,189335.41391096526,236981.11419700092,0.01662465748788021,-0.05141709833700224,0.08226237774805367,3.565541051947739,-10.96309410057555,18.248918834852738
v1p7p1,Bayes_Modeled,0.95,2017,OP,CT,30,30,1111410.176538146,1067162.5580331823,1157502.6373436188,0.009515804665832383,-0.04339629690862147,0.06460350813679551,10.620822997254601,-49.087630053933125,71.19157407275446
v1p7p1,Bayes_Modeled,0.95,2017,OP,MT,24,24,908370.8799923235,875444.1787375235,942735.8973080958,-0.010494897793997471,-0.07672184057671264,0.058780090272129236,-9.49477297562226,-70.11825876262037,54.52735148680665
v1p7p1,Bayes_Modeled,0.95,2017,OP,ST,29,29,1098081.9222169921,1058216.0345875567,1139648.7752038115,-0.016104591089320847,-0.07902443016693243,0.04988227740749511,-17.643999904210396,-86.71020925627252,54.455216260853575
v1p7p1,Bayes_Modeled,0.95,2018,OP,CT,10,10,405454.0141125399,233180.88877849397,575259.9905813948,0.2675809793912167,0.05093105957288262,0.44917349878741675,95.99725775846532,20.036517231400126,209.66232133364417
v1p7p1,Bayes_Modeled,0.95,2018,OP,MT,10,10,413901.34734874964,241743.30829859013,582995.3866154861,0.21446799033570374,0.034433671156400836,0.4225507725674066,86.65899779881693,12.864228386054327,199.90574911066776
v1p7p1,Bayes_Modeled,0.95,2018,OP,ST,10,10,413901.34734874964,241743.30829859013,582995.3866154861,0.211070196540088,0.026363192586598208,0.4196351681766962,85.24691904814922,11.289256068427619,197.91547934725125
v1p7p1,Bayes_Modeled,0.95,2019,OP,CT,2,2,99885.46990118944,96372.32566782835,103074.13403473006,0.25076303299516367,0.11423283234589124,0.41369301265885755,25.04672695962933,11.340452355503679,41.31262934686858
v1p7p1,Bayes_Modeled,0.95,2019,OP,MT,2,2,99885.46990118944,96372.32566782835,103074.13403473006,0.25416082679077945,0.11557521098953759,0.4209649536684002,25.386973435387418,11.714000498733402,42.10111650820424
v1p7p1,Bayes_Modeled,0.95,2019,OP,ST,2,2,99885.46990118944,96372.32566782835,103074.13403473006,0.25076303299516367,0.11423283234589124,0.41369301265885755,25.04672695962933,11.340452355503679,41.31262934686858
v1p7p1,Bayes_Modeled,0.95,2020,OP,CT,20,20,700842.0269222991,671960.0994909306,728534.6551118072,0.005751339005914198,-0.0471169465892183,0.0636354400306498,4.031831798369966,-33.377458220280424,44.69688880913277
v1p7p1,Bayes_Modeled,0.95,2020,OP,MT,20,20,699923.3197765531,671959.6047313667,727007.9806235237,0.009130801538607765,-0.04891990826082146,0.0697433140917926,6.395808175884495,-34.62864166594228,48.80175277438493
v1p7p1,Bayes_Modeled,0.95,2020,OP,ST,20,20,701355.0711725209,671986.8290820706,729670.4430841042,0.003162881602519147,-0.05023816986434257,0.061931017185570494,2.2189065292513632,-35.357973325260005,43.205848576328066
v1p7p1,Bayes_Modeled,0.95,2021,OP,CT,31,31,1047169.2911343317,1000476.2996787631,1095691.498779568,0.04208074180616427,-0.004952807401436084,0.08975499935090253,44.08636004829914,-5.166433479248864,94.91619470172881
v1p7p1,Bayes_Modeled,0.95,2021,OP,MT,31,31,1074595.0856871759,1038791.265769389,1110634.796033496,0.013716060049102812,-0.042317890546340706,0.07245974031510383,14.76381124770826,-45.19902148858161,78.18172195512692
v1p7p1,Bayes_Modeled,0.95,2021,OP,ST,29,29,1003501.7368860213,970332.8618089657,1036682.553124916,0.01577878430520852,-0.03571238793825397,0.07016380351616851,15.85386676023513,-35.689267402482884,70.41354114002357
v1p7p1,Bayes_Modeled,0.95,2022,OP,CT,45,45,1562049.0882882322,1509107.480706458,1613813.2825261331,0.0431555955384961,0.003770570170948562,0.08462039277563246,67.44030703189436,5.946049310952249,132.18246785752757
v1p7p1,Bayes_Modeled,0.95,2022,OP,MT,46,46,1599856.7367682753,1542730.4337490452,1653905.0163362972,0.040673901096525536,-0.003121938302328304,0.08860901855777878,65.10746934398402,-4.996924299348999,141.23287395667836
v1p7p1,Bayes_Modeled,0.95,2022,OP,ST,47,47,1632953.9231555841,1576486.5157168985,1687286.1650391854,0.038767703450912884,1.844641366217106e-4,0.08058647915248843,63.33589123604812,0.3008735347220187,131.19766503052116
v1p7p1,Bayes_Modeled,0.95,2023,OP,CT,45,45,1891604.703247077,1839537.5245296792,1943185.1576235592,0.12327551788501821,0.093168969780665,0.15509670391746794,233.1902148820763,176.59358685841113,294.25563633994466
v1p7p1,Bayes_Modeled,0.95,2023,OP,MT,51,51,2123551.0604774887,2063157.753034573,2182407.415238467,0.10469122135375958,0.07462664946277316,0.13827454670549139,222.31533942441573,158.1130427345322,294.0231216034018
v1p7p1,Bayes_Modeled,0.95,2023,OP,ST,45,45,1903389.8069251366,1849525.712600364,1957403.1963994538,0.11348548547592385,0.08264035282641868,0.1508329080567608,216.0075909513229,157.11644336041718,287.30265107705736
v1p7p1,Bayes_Modeled,0.95,2024,OP,CT,32,32,1598167.518419031,1541957.2106852536,1649186.144555681,0.398201036406751,0.35394841889426415,0.4460774792690811,636.3983292770134,561.9646508599778,713.3869448083394
v1p7p1,Bayes_Modeled,0.95,2024,OP,MT,32,32,1598167.518419031,1541957.2106852536,1649186.144555681,0.39923531995019707,0.3546627336140006,0.4469982787560788,638.051411775483,562.5846573804503,715.5279818601298
v1p7p1,Bayes_Modeled,0.95,2024,OP,ST,32,32,1598167.518419031,1541957.2106852536,1649186.144555681,0.39887981781411214,0.3542678421676103,0.4470630817820236,637.4832211883431,562.2005236583923,714.6011489425557
v1p7p1,Bayes_Modeled,0.95,2025,OP,CT,58,58,2016110.3671513284,1945378.8677230473,2083625.9391173155,0.19116237367395475,0.15417520767732582,0.2310733901033174,385.4416828658368,310.3017918481887,466.37118119761396
v1p7p1,Bayes_Modeled,0.95,2025,OP,MT,58,58,2011750.6841506064,1943686.9057341195,2078325.3538219014,0.19386100612145132,0.1576149879694881,0.23234006907103166,390.03656943531524,316.90326539867897,468.3968706439292
v1p7p1,Bayes_Modeled,0.95,2025,OP,ST,58,58,2000816.875990066,1936376.2185632274,2064765.6121410034,0.20062900495802985,0.1667123172229082,0.2367495281784514,401.45656253442684,329.51120417771415,475.37183643148535
v1p7p1,Bayes_Modeled,0.95,2011,Se,CT,12,12,405305.7433337857,387200.2301589167,424124.38565963984,0.007286310195881044,0.005589003256404924,0.008919974376633708,2.952892396759644,2.2481561356373243,3.639338051098269
v1p7p1,Bayes_Modeled,0.95,2011,Se,MT,12,12,419860.9280251939,403256.1338102763,435977.15394965885,0.00672001664956401,0.00511235065214187,0.00836048352373479,2.821609874840043,2.138053121240641,3.5164787951751024
v1p7p1,Bayes_Modeled,0.95,2011,Se,ST,12,12,420719.9788627746,403200.96062792046,437623.278666603,0.006686593855171897,0.005074653276657267,0.00834709085020326,2.8133347762020495,2.1318991593018084,3.5086815874487467
v1p7p1,Bayes_Modeled,0.95,2012,Se,CT,16,16,540625.5226158007,516618.7746347324,565495.3846718635,0.007048398800264581,0.005416508489705782,0.00865352219862275,3.810046212840932,2.954359035791428,4.688488482813892
v1p7p1,Bayes_Modeled,0.95,2012,Se,MT,18,18,628598.2658744844,604564.9708582812,651647.755121923,0.006543158470430911,0.004930341581600059,0.008138717203218456,4.11312305061542,3.0911697385542443,5.109560783875232
v1p7p1,Bayes_Modeled,0.95,2012,Se,ST,16,16,557614.4460551215,537038.8784741746,577124.235781913,0.006541605901402076,0.00493228328388756,0.008113824357321045,3.647767477008565,2.7455297017309146,4.5420645201045415
v1p7p1,Bayes_Modeled,0.95,2013,Se,CT,14,14,529632.456834561,510464.4822932873,549527.0689423716,0.0064206113602333975,0.003870960406772996,0.00856268772417236,3.400347064065098,2.0368266487395257,4.531473912409092
v1p7p1,Bayes_Modeled,0.95,2013,Se,MT,14,14,530701.4978768836,511170.24603032495,551062.8581191248,0.006365728248498457,0.003792755709090417,0.008518399842865478,3.3780702690897892,1.9998652771947225,4.535631358629706
v1p7p1,Bayes_Modeled,0.95,2013,Se,ST,14,14,530701.4978768836,511170.24603032495,551062.8581191248,0.006384960379548477,0.0038292011861219164,0.008533023912807696,3.3882825621055677,2.018660082465517,4.50801141320885
v1p7p1,Bayes_Modeled,0.95,2014,Se,CT,25,25,867787.1521565682,838382.7398810924,896539.9466746203,0.006841273188428541,0.005598907734795088,0.007965351600123818,5.9366550923782775,4.8417065354758,6.933044693140978
v1p7p1,Bayes_Modeled,0.95,2014,Se,MT,8,8,279911.1033538519,268837.1934380884,290660.774814622,0.006639693200885256,0.005380089501493877,0.007834565703682673,1.8584800074340446,1.495817813766246,2.195633778003411
v1p7p1,Bayes_Modeled,0.95,2014,Se,ST,24,24,839733.3100615556,806511.5803142652,871982.324443866,0.006721037548642902,0.005451951409431942,0.007879359408629999,5.643740674705377,4.569118115688429,6.659176758968231
v1p7p1,Bayes_Modeled,0.95,2015,Se,CT,22,22,745727.4050454964,714684.9548404138,777198.6941107716,0.00717834981331358,0.005979274011909438,0.008426542328351879,5.35293370352761,4.446129176200331,6.252739008750382
v1p7p1,Bayes_Modeled,0.95,2015,Se,MT,22,22,769913.0268766491,739158.1572188184,799702.3582277503,0.006645854969715347,0.005517952818887098,0.007847974679206737,5.11658907716849,4.185973019682983,6.002159837239194
v1p7p1,Bayes_Modeled,0.95,2015,Se,ST,22,22,770794.9857365652,739064.1463880608,801062.1181368913,0.006646370335905783,0.00548462341494969,0.007804872083216102,5.122847957625583,4.211079792175715,6.035772673032145
v1p7p1,Bayes_Modeled,0.95,2016,Se,CT,8,8,212417.56191771847,188663.97029870894,236048.7958101017,0.006335380628328565,0.0037360380988845547,0.008461119839161597,1.3463679831837072,0.778826459905249,1.8340798820067383
v1p7p1,Bayes_Modeled,0.95,2016,Se,MT,8,8,213286.15776460557,189451.98020571406,237094.18161331577,0.006265457259117174,0.003632786774572792,0.008387154899584984,1.336968560126695,0.7703384422861337,1.8340797338888644
v1p7p1,Bayes_Modeled,0.95,2016,Se,ST,8,8,213162.0726436217,189335.41391096526,236981.11419700092,0.0062919309956188186,0.0036871833094965856,0.008439025852521997,1.3417997420709917,0.7783391684343316,1.8310058154943047
v1p7p1,Bayes_Modeled,0.95,2017,Se,CT,30,30,1111410.176538146,1067162.5580331823,1157502.6373436188,0.006759518701665075,0.004203342662758356,0.00896091558127498,7.513223450944953,4.682444055984681,9.994351860216028
v1p7p1,Bayes_Modeled,0.95,2017,Se,MT,24,24,908370.8799923235,875444.1787375235,942735.8973080958,0.006392916755299015,0.0038509194745029807,0.008603205775710013,5.806792266981397,3.546023398397627,7.835348232706025
v1p7p1,Bayes_Modeled,0.95,2017,Se,ST,29,29,1098081.9222169921,1058216.0345875567,1139648.7752038115,0.006394701821705432,0.00383177096018857,0.008582012580761984,7.0214451490659835,4.2724961448955465,9.429096750778278
v1p7p1,Bayes_Modeled,0.95,2018,Se,CT,10,10,405454.0141125399,233180.88877849397,575259.9905813948,0.007215308317861992,0.004882815911732591,0.009245636473072442,2.9112663234857328,1.5137551710874853,4.653041753131403
v1p7p1,Bayes_Modeled,0.95,2018,Se,MT,10,10,413901.34734874964,241743.30829859013,582995.3866154861,0.006750869333811983,0.004518684867731677,0.008782617386599223,2.7985007262417585,1.4724775630231473,4.467158420018729
v1p7p1,Bayes_Modeled,0.95,2018,Se,ST,10,10,413901.34734874964,241743.30829859013,582995.3866154861,0.006770101464862003,0.0045596424595101635,0.008788449879240443,2.8064674778155467,1.4910612749780563,4.481921261532083
v1p7p1,Bayes_Modeled,0.95,2019,Se,CT,2,2,99885.46990118944,96372.32566782835,103074.13403473006,0.006797283086411582,0.004346820010848303,0.009076770703737896,0.6789390781998749,0.4339011412743067,0.907822225860421
v1p7p1,Bayes_Modeled,0.95,2019,Se,MT,2,2,99885.46990118944,96372.32566782835,103074.13403473006,0.006778050955361562,0.004368373246261921,0.009067089615631848,0.6770080339502452,0.4349153168346387,0.9065183651839879
v1p7p1,Bayes_Modeled,0.95,2019,Se,ST,2,2,99885.46990118944,96372.32566782835,103074.13403473006,0.006797283086411582,0.004346820010848303,0.009076770703737896,0.6789390781998749,0.4339011412743067,0.907822225860421
v1p7p1,Bayes_Modeled,0.95,2020,Se,CT,20,20,700842.0269222991,671960.0994909306,728534.6551118072,0.006474428911525577,0.005875256439727032,0.007044200718633389,4.537480886009126,4.088519161078618,4.962807434418095
v1p7p1,Bayes_Modeled,0.95,2020,Se,MT,20,20,699923.3197765531,671959.6047313667,727007.9806235237,0.006454000244949926,0.00582944104694455,0.007056051114793803,4.517246402459782,4.061870416933504,4.966464861591694
v1p7p1,Bayes_Modeled,0.95,2020,Se,ST,20,20,701355.0711725209,671986.8290820706,729670.4430841042,0.0064398095816078325,0.005837673543464289,0.0070028536177843305,4.51653031802092,4.066486014773665,4.9364269329753725
v1p7p1,Bayes_Modeled,0.95,2021,Se,CT,31,31,1047169.2911343317,1000476.2996787631,1095691.498779568,0.007475339710352611,0.007006278744173109,0.007982636478228628,7.8276823300154,7.2250739913453925,8.441140966359393
v1p7p1,Bayes_Modeled,0.95,2021,Se,MT,31,31,1074595.0856871759,1038791.265769389,1110634.796033496,0.007043057545273395,0.00648003307221421,0.007568475865162776,7.5683829802888845,6.942278118312185,8.1848810025633
v1p7p1,Bayes_Modeled,0.95,2021,Se,ST,29,29,1003501.7368860213,970332.8618089657,1036682.553124916,0.00711079596545328,0.006641509773286713,0.007613304801557975,7.1356378163337135,6.614738026217276,7.675152541795333
v1p7p1,Bayes_Modeled,0.95,2022,Se,CT,45,45,1562049.0882882322,1509107.480706458,1613813.2825261331,0.0068306033929019325,0.0064419937335887445,0.007246189313974725,10.669614770451073,9.978798767086008,11.390013466046996
v1p7p1,Bayes_Modeled,0.95,2022,Se,MT,47,47,1634636.2310458464,1576268.0518740243,1689859.473213173,0.006760668087007196,0.006329336380668796,0.007223478849276231,11.051088504705222,10.222666339961743,11.873285044345273
v1p7p1,Bayes_Modeled,0.95,2022,Se,ST,47,47,1632953.9231555841,1576486.5157168985,1687286.1650391854,0.006796611615253272,0.006400273289744812,0.0072195974776678605,11.098410162037204,10.351504475494448,11.84793535606525
v1p7p1,Bayes_Modeled,0.95,2023,Se,CT,45,45,1891604.703247077,1839537.5245296792,1943185.1576235592,0.006652526187652294,0.004519056932625238,0.008548310616108078,12.583430877946538,8.540131721031937,16.165759841783647
v1p7p1,Bayes_Modeled,0.95,2023,Se,MT,51,51,2123551.0604774887,2063157.753034573,2182407.415238467,0.0065739151458587145,0.004401589418621718,0.00849275141268447,13.959248403347544,9.382900479631466,17.98413689814955
v1p7p1,Bayes_Modeled,0.95,2023,Se,ST,45,45,1903389.8069251366,1849525.712600364,1957403.1963994538,0.0065277810487137326,0.0043424453987205534,0.008431662103284865,12.42405351007876,8.2568111370122,16.119603777819112
v1p7p1,Bayes_Modeled,0.95,2024,Se,CT,32,32,1598167.518419031,1541957.2106852536,1649186.144555681,0.006570674479672558,0.0038815014915312123,0.009156263527964012,10.499817954404019,6.182799526306614,14.675019381442212
v1p7p1,Bayes_Modeled,0.95,2024,Se,MT,32,32,1598167.518419031,1541957.2106852536,1649186.144555681,0.006591602852773631,0.003906324137364992,0.009178847023820172,10.533271704729243,6.225532058364824,14.705896441104482
v1p7p1,Bayes_Modeled,0.95,2024,Se,ST,32,32,1598167.518419031,1541957.2106852536,1649186.144555681,0.006574093577604318,0.00389074337866187,0.009158567585763042,10.505290620186408,6.1893085805370855,14.684794720877408
v1p7p1,Bayes_Modeled,0.95,2025,Se,CT,58,58,2016110.3671513284,1945378.8677230473,2083625.9391173155,0.0065663660901220345,0.00486624086222825,0.008158645749113983,13.238437466596668,9.781494619799853,16.547072497813495
v1p7p1,Bayes_Modeled,0.95,2025,Se,MT,58,58,2011750.6841506064,1943686.9057341195,2078325.3538219014,0.006601460024233754,0.004913631139198681,0.00818390053077074,13.280466238589826,9.855955457041528,16.56763440524101
v1p7p1,Bayes_Modeled,0.95,2025,Se,ST,58,58,2000816.875990066,1936376.2185632274,2064765.6121410034,0.006689473382799651,0.005011064569765026,0.008259052691771629,13.384495436390777,10.013909991966372,16.60561990811985
v1p7p1,Bayes_Modeled,0.95,2011,TDS,CT,12,12,405305.7433337857,387200.2301589167,424124.38565963984,966.8887822514923,727.6429904548045,1230.707016702173,391867.0039542954,291873.3815130234,498240.58524469205
v1p7p1,Bayes_Modeled,0.95,2011,TDS,MT,12,12,419860.9280251939,403256.1338102763,435977.15394965885,938.8606065276067,694.0307412512459,1191.8368727859943,394145.9708291263,293276.6732252587,499267.86411956424
v1p7p1,Bayes_Modeled,0.95,2011,TDS,ST,12,12,420719.9788627746,403200.96062792046,437623.278666603,937.2063762074874,692.1723187541286,1193.6413888563043,394255.353584343,292695.7562586329,500413.42834919144
v1p7p1,Bayes_Modeled,0.95,2012,TDS,CT,16,16,540625.5226158007,516618.7746347324,565495.3846718635,923.1459408028596,691.6466755303857,1162.0863000814752,499068.88140170445,370895.28284573706,623295.2462628724
v1p7p1,Bayes_Modeled,0.95,2012,TDS,MT,18,18,628598.2658744844,604564.9708582812,651647.755121923,904.8001229450124,687.3183015733617,1145.08712166729,568699.8794125229,429902.2549808393,717961.3604396555
v1p7p1,Bayes_Modeled,0.95,2012,TDS,ST,16,16,557614.4460551215,537038.8784741746,577124.235781913,896.6629414728967,670.0712374095172,1137.0338095000418,499956.24467982166,378170.46269617666,633228.716264259
v1p7p1,Bayes_Modeled,0.95,2013,TDS,CT,14,14,529632.456834561,510464.4822932873,549527.0689423716,896.4113618328262,683.4708361966048,1128.4379524648402,474730.99289755384,360706.0205796828,595486.0663868113
v1p7p1,Bayes_Modeled,0.95,2013,TDS,MT,14,14,530701.4978768836,511170.24603032495,551062.8581191248,894.9088015908115,690.9815641064828,1115.538406814695,474868.20152221847,361706.6634338942,594599.0746969099
v1p7p1,Bayes_Modeled,0.95,2013,TDS,ST,14,14,530701.4978768836,511170.24603032495,551062.8581191248,894.6468494913657,684.5782452693978,1126.7884892199627,474750.0195784039,361144.04031723144,596118.1205510132
v1p7p1,Bayes_Modeled,0.95,2014,TDS,CT,25,25,867787.1521565682,838382.7398810924,896539.9466746203,942.7421627349205,751.3259115069519,1123.4204739055576,818080.956390712,649702.5556249202,979152.640564582
v1p7p1,Bayes_Modeled,0.95,2014,TDS,MT,8,8,279911.1033538519,268837.1934380884,290660.774814622,922.9658987851712,734.8795866284146,1102.038212553597,258333.47387972038,205702.96137036436,308516.06925784226
v1p7p1,Bayes_Modeled,0.95,2014,TDS,ST,24,24,839733.3100615556,806511.5803142652,871982.324443866,937.1026828087881,742.868326743169,1118.6435827775317,786891.2844179838,621010.0591970698,943102.294583363
v1p7p1,Bayes_Modeled,0.95,2015,TDS,CT,22,22,745727.4050454964,714684.9548404138,777198.6941107716,944.4846397621291,744.666632634419,1124.7461123389903,704334.7052373443,544892.038373642,845555.0572914514
v1p7p1,Bayes_Modeled,0.95,2015,TDS,MT,22,22,769913.0268766491,739158.1572188184,799702.3582277503,919.3431282456118,726.3844690839996,1092.2242954826493,707787.9269484169,555866.6388024243,841345.594549631
v1p7p1,Bayes_Modeled,0.95,2015,TDS,ST,22,22,770794.9857365652,739064.1463880608,801062.1181368913,918.1548071668991,727.1112428653948,1104.0071695944894,707701.5522672033,555814.6351310548,852320.189798827
v1p7p1,Bayes_Modeled,0.95,2016,TDS,CT,8,8,212417.56191771847,188663.97029870894,236048.7958101017,902.4180450301503,661.3987471508868,1144.2458640943232,191810.929085936,139740.1375984123,251322.77770672643
v1p7p1,Bayes_Modeled,0.95,2016,TDS,MT,8,8,213286.15776460557,189451.98020571406,237094.18161331577,900.1710811440821,656.4287965605234,1133.9274986481828,192104.1119842114,138188.34720754885,251773.6596547569
v1p7p1,Bayes_Modeled,0.95,2016,TDS,ST,8,8,213162.0726436217,189335.41391096526,236981.11419700092,900.2675456139954,663.1180602837924,1142.599405392779,192025.20381215328,138955.22400761532,251564.5569151292
v1p7p1,Bayes_Modeled,0.95,2017,TDS,CT,30,30,1111410.176538146,1067162.5580331823,1157502.6373436188,903.8740343976949,715.588002668238,1094.1574332002156,1004590.1023038487,788399.6571383306,1230551.5175163331
v1p7p1,Bayes_Modeled,0.95,2017,TDS,MT,24,24,908370.8799923235,875444.1787375235,942735.8973080958,885.0197596438219,714.8060797567289,1062.9585146802665,803860.9067141212,644940.3519671597,967392.6388347526
v1p7p1,Bayes_Modeled,0.95,2017,TDS,ST,29,29,1098081.9222169921,1058216.0345875567,1139648.7752038115,885.0633038098526,714.7151579579372,1060.304434104543,971834.2502709931,784931.898388254,1176498.8240054534
v1p7p1,Bayes_Modeled,0.95,2018,TDS,CT,10,10,405454.0141125399,233180.88877849397,575259.9905813948,1002.5594773337789,787.6835080770954,1204.9653489638517,402805.95405920566,220738.3813957871,627866.1306083165
v1p7p1,Bayes_Modeled,0.95,2018,TDS,MT,10,10,413901.34734874964,241743.30829859013,582995.3866154861,971.6152955715411,781.1445629006928,1174.2382130718365,402975.950441888,224534.41146215756,614759.7783638793
v1p7p1,Bayes_Modeled,0.95,2018,TDS,ST,10,10,413901.34734874964,241743.30829859013,582995.3866154861,971.3533434720952,780.8813056271033,1180.219683365875,402920.2347393108,223481.9518817131,615554.4788131008
v1p7p1,Bayes_Modeled,0.95,2019,TDS,CT,2,2,99885.46990118944,96372.32566782835,103074.13403473006,1013.8751577892448,835.1808513465635,1186.6472857469269,101261.07023469884,83585.74308664296,118666.19315718283
v1p7p1,Bayes_Modeled,0.95,2019,TDS,MT,2,2,99885.46990118944,96372.32566782835,103074.13403473006,1014.1371098886906,844.5605046681246,1184.1776163195373,101285.5824502724,83647.03982415376,118319.35687115457
v1p7p1,Bayes_Modeled,0.95,2019,TDS,ST,2,2,99885.46990118944,96372.32566782835,103074.13403473006,1013.8751577892448,835.1808513465635,1186.6472857469269,101261.07023469884,83585.74308664296,118666.19315718283
v1p7p1,Bayes_Modeled,0.95,2020,TDS,CT,20,20,700842.0269222991,671960.0994909306,728534.6551118072,909.8530889967848,732.2158404064492,1094.6043451033884,637633.107974644,512878.1329752813,768563.6991806354
v1p7p1,Bayes_Modeled,0.95,2020,TDS,MT,20,20,699923.3197765531,671959.6047313667,727007.9806235237,911.1765055516404,730.6261618165015,1077.9285038181515,637707.6169151212,513466.95285991754,759236.4107535655
v1p7p1,Bayes_Modeled,0.95,2020,TDS,ST,20,20,701355.0711725209,671986.8290820706,729670.4430841042,909.2603231320754,731.4377006651757,1093.5230472568783,637683.4424818417,512258.5300553133,769952.5738491571
v1p7p1,Bayes_Modeled,0.95,2021,TDS,CT,31,31,1047169.2911343317,1000476.2996787631,1095691.498779568,953.4734672724524,776.1438171364014,1137.6511615045424,998394.2254363219,807804.9786992257,1192964.3718498796
v1p7p1,Bayes_Modeled,0.95,2021,TDS,MT,31,31,1074595.0856871759,1038791.265769389,1110634.796033496,933.291889665759,763.8871488822743,1113.8953893581258,1002812.2322036432,816039.157656994,1191256.7467001306
v1p7p1,Bayes_Modeled,0.95,2021,TDS,ST,29,29,1003501.7368860213,970332.8618089657,1036682.553124916,937.129919892723,761.9896134351804,1118.3371640958521,940331.7277243624,766113.966489865,1118004.0970921912
v1p7p1,Bayes_Modeled,0.95,2022,TDS,CT,45,45,1562049.0882882322,1509107.480706458,1613813.2825261331,918.0082668223985,746.6066157380732,1089.0194742135923,1433936.3267938294,1173462.7405038024,1702625.4592343934
v1p7p1,Bayes_Modeled,0.95,2022,TDS,MT,47,47,1634636.2310458464,1576268.0518740243,1689859.473213173,916.7267486601489,758.3186224556405,1089.2702635695264,1498449.63996947,1238105.3746489068,1781014.4756958485
v1p7p1,Bayes_Modeled,0.95,2022,TDS,ST,47,47,1632953.9231555841,1576486.5157168985,1687286.1650391854,917.2919117207626,747.398777294371,1089.0613296740607,1497857.4676914837,1228523.3144460348,1779349.6162052937
v1p7p1,Bayes_Modeled,0.95,2023,TDS,CT,45,45,1891604.703247077,1839537.5245296792,1943185.1576235592,1125.856579540594,1099.159826297384,1152.4052827316334,2129663.994480854,2053406.7062834392,2205142.0726892184
v1p7p1,Bayes_Modeled,0.95,2023,TDS,MT,51,51,2123551.0604774887,2063157.753034573,2182407.415238467,1120.4878170190782,1094.238155874348,1145.650533181727,2379398.349122445,2295193.691287308,2464666.1360126724
v1p7p1,Bayes_Modeled,0.95,2023,TDS,ST,45,45,1903389.8069251366,1849525.712600364,1957403.1963994538,1122.886321197449,1095.3528861209484,1149.106825807432,2137275.0392657197,2059889.1089825872,2215213.162893419
v1p7p1,Bayes_Modeled,0.95,2024,TDS,CT,32,32,1598167.518419031,1541957.2106852536,1649186.144555681,1104.2954640458522,1066.2012047935275,1143.002462842213,1764840.8240290498,1683204.6561244493,1848315.9509295402
v1p7p1,Bayes_Modeled,0.95,2024,TDS,MT,32,32,1598167.518419031,1541957.2106852536,1649186.144555681,1104.6010217612522,1066.5672219841756,1142.8456650778107,1765327.9402952495,1682221.7145978394,1848324.2522117018
v1p7p1,Bayes_Modeled,0.95,2024,TDS,ST,32,32,1598167.518419031,1541957.2106852536,1649186.144555681,1104.2607131845846,1066.4790920327678,1143.197705707601,1764784.881665766,1683142.6307337563,1848210.9316500335
v1p7p1,Bayes_Modeled,0.95,2025,TDS,CT,58,58,2016110.3671513284,1945378.8677230473,2083625.9391173155,705.1935506130352,669.9536478267958,738.3705571277769,1421773.500122931,1335054.9633311918,1512505.342018012
v1p7p1,Bayes_Modeled,0.95,2025,TDS,MT,58,58,2011750.6841506064,1943686.9057341195,2078325.3538219014,706.9304924491603,673.1151792662822,738.2145484067553,1422190.0328336996,1341602.657795045,1509740.3536724541
v1p7p1,Bayes_Modeled,0.95,2025,TDS,ST,58,58,2000816.875990066,1936376.2185632274,2064765.6121410034,711.2866322921408,679.4591210610291,742.4375651371972,1423169.0328054246,1345389.3197473204,1502483.305652429
v1p7p1,Bayes_Modeled,0.95,2011,TKN,CT,12,12,405305.7433337857,387200.2301589167,424124.38565963984,3.4429758981139282,0.9996604380312932,5.766614009769429,1395.2588888798646,399.9428850554351,2362.5197410349624
v1p7p1,Bayes_Modeled,0.95,2011,TKN,MT,12,12,419860.9280251939,403256.1338102763,435977.15394965885,2.2392250234710107,-0.13727631478756974,4.492761105006714,940.1056910326806,-58.446611658155824,1889.5589161697424
v1p7p1,Bayes_Modeled,0.95,2011,TKN,ST,12,12,420719.9788627746,403200.96062792046,437623.278666603,2.1681793295121525,-0.21378776339410066,4.4190172586213805,912.1532792823881,-91.26246051846135,1861.281892178336
v1p7p1,Bayes_Modeled,0.95,2012,TKN,CT,16,16,540625.5226158007,516618.7746347324,565495.3846718635,3.642871421233558,1.7901614411073088,5.408176124157077,1969.4000687306125,959.7496039243748,2931.8600110751304
v1p7p1,Bayes_Modeled,0.95,2012,TKN,MT,18,18,628598.2658744844,604564.9708582812,651647.755121923,2.5328261873255995,0.7406723958446828,4.261911571407685,1592.2347675193964,457.6353826014754,2679.772718504909
v1p7p1,Bayes_Modeled,0.95,2012,TKN,ST,16,16,557614.4460551215,537038.8784741746,577124.235781913,2.570998563706771,0.7928354234619028,4.3104331072835596,1433.7400851667282,441.88008226909346,2396.8328154396377
v1p7p1,Bayes_Modeled,0.95,2013,TKN,CT,14,14,529632.456834561,510464.4822932873,549527.0689423716,3.4395930194673836,2.6515998947732315,4.237964407273774,1821.4316276721904,1413.6643225308492,2240.146592831904
v1p7p1,Bayes_Modeled,0.95,2013,TKN,MT,14,14,530701.4978768836,511170.24603032495,551062.8581191248,3.3078630013266355,2.513706844240964,4.171335020113385,1755.1925363901657,1337.6655790061495,2205.9053286819994
v1p7p1,Bayes_Modeled,0.95,2013,TKN,ST,14,14,530701.4978768836,511170.24603032495,551062.8581191248,3.363810945911269,2.563770617961086,4.180391901422174,1784.8902367519563,1371.9199415975859,2208.2184034616885
v1p7p1,Bayes_Modeled,0.95,2014,TKN,CT,25,25,867787.1521565682,838382.7398810924,896539.9466746203,3.0520030469730646,2.095701542760535,4.035796645066907,2648.1870930560985,1811.9687890659075,3514.2457559051963
v1p7p1,Bayes_Modeled,0.95,2014,TKN,MT,8,8,279911.1033538519,268837.1934380884,290660.774814622,2.6042545844727,1.5624381527849944,3.616620354037747,728.8304479092495,439.5605789412525,1012.9757374975401
v1p7p1,Bayes_Modeled,0.95,2014,TKN,ST,24,24,839733.3100615556,806511.5803142652,871982.324443866,2.7925958520660368,1.8060063095184637,3.774845142886143,2344.707357103088,1518.2265919745932,3173.4078640310036
v1p7p1,Bayes_Modeled,0.95,2015,TKN,CT,22,22,745727.4050454964,714684.9548404138,777198.6941107716,1.840791505394547,1.2653443147758798,2.433687271391526,1372.6318329102005,937.9858500729331,1816.451742813636
v1p7p1,Bayes_Modeled,0.95,2015,TKN,MT,22,22,769913.0268766491,739158.1572188184,799702.3582277503,0.6938185205817182,0.06999755548137584,1.2993966188538049,534.1757360644426,54.51158119536557,996.5737214192809
v1p7p1,Bayes_Modeled,0.95,2015,TKN,ST,22,22,770794.9857365652,739064.1463880608,801062.1181368913,0.7099808765493908,0.10782955108456127,1.3087451558256782,547.3102131220811,83.66341920844756,1004.3042312476148
v1p7p1,Bayes_Modeled,0.95,2016,TKN,CT,8,8,212417.56191771847,188663.97029870894,236048.7958101017,0.5418603263791846,-0.13325215757026893,1.2027631569669475,115.05655315831852,-28.427440315394275,257.7595904485951
v1p7p1,Bayes_Modeled,0.95,2016,TKN,MT,8,8,213286.15776460557,189451.98020571406,237094.18161331577,0.3781597459569493,-0.34810823472155106,1.047003791116434,80.63766192031895,-76.73520923464636,230.58834885379065
v1p7p1,Bayes_Modeled,0.95,2016,TKN,ST,8,8,213162.0726436217,189335.41391096526,236981.11419700092,0.44950092423266824,-0.23910595872134904,1.1152982781779657,95.76726422326207,-51.55363937432371,241.14163090217696
v1p7p1,Bayes_Modeled,0.95,2017,TKN,CT,30,30,1111410.176538146,1067162.5580331823,1157502.6373436188,2.1097658847669956,1.6227955057073533,2.5554115987138166,2344.567508265347,1797.7703450949305,2844.659520838234
v1p7p1,Bayes_Modeled,0.95,2017,TKN,MT,24,24,908370.8799923235,875444.1787375235,942735.8973080958,1.2783825671004845,0.711831119535442,1.7845668324749204,1161.0216211048414,648.5338041958463,1626.1795774465277
v1p7p1,Bayes_Modeled,0.95,2017,TKN,ST,29,29,1098081.9222169921,1058216.0345875567,1139648.7752038115,1.3380071081422755,0.8472265119145101,1.806062443899119,1468.9809589081312,931.3281149049587,1985.4071933314337
v1p7p1,Bayes_Modeled,0.95,2018,TKN,CT,10,10,405454.0141125399,233180.88877849397,575259.9905813948,3.2292778222756047,1.407282378978363,4.7751812638548765,1247.3592912359268,473.1201574201544,2301.189412976484
v1p7p1,Bayes_Modeled,0.95,2018,TKN,MT,10,10,413901.34734874964,241743.30829859013,582995.3866154861,2.1850144710478716,0.4578041483182957,3.8315804726101605,901.085919017453,189.99741589587956,1838.92643817515
v1p7p1,Bayes_Modeled,0.95,2018,TKN,ST,10,10,413901.34734874964,241743.30829859013,582995.3866154861,2.2409624156325045,0.5667296437027824,3.886418432142813,924.1013183956042,194.4060890237949,1884.5652482325777
v1p7p1,Bayes_Modeled,0.95,2019,TKN,CT,2,2,99885.46990118944,96372.32566782835,103074.13403473006,2.063359965770879,0.37681712481952434,3.6197992439296423,206.13226779868452,37.47112187186871,360.2929202214832
v1p7p1,Bayes_Modeled,0.95,2019,TKN,MT,2,2,99885.46990118944,96372.32566782835,103074.13403473006,2.0074120211862456,0.33231545429353965,3.592579467982684,200.54354166516887,32.70351036425794,361.7684421397428
v1p7p1,Bayes_Modeled,0.95,2019,TKN,ST,2,2,99885.46990118944,96372.32566782835,103074.13403473006,2.063359965770879,0.37681712481952434,3.6197992439296423,206.13226779868452,37.47112187186871,360.2929202214832
v1p7p1,Bayes_Modeled,0.95,2020,TKN,CT,20,20,700842.0269222991,671960.0994909306,728534.6551118072,1.3027149169046905,0.8290568383782079,1.8056459710313337,912.8934152041602,585.0941192513818,1275.737436052429
v1p7p1,Bayes_Modeled,0.95,2020,TKN,MT,20,20,699923.3197765531,671959.6047313667,727007.9806235237,1.2733763588506988,0.7512859808459804,1.7979619793227704,891.1085921294643,522.610555183781,1256.9356850871516
v1p7p1,Bayes_Modeled,0.95,2020,TKN,ST,20,20,701355.0711725209,671986.8290820706,729670.4430841042,1.2582786094764742,0.7844518826483405,1.7674385380768622,882.397386559422,552.3881678610454,1244.954735714179
v1p7p1,Bayes_Modeled,0.95,2021,TKN,CT,31,31,1047169.2911343317,1000476.2996787631,1095691.498779568,2.7257797846222194,2.3333418233834378,3.1653341193633047,2854.007510913421,2428.243230547004,3324.7540658826456
v1p7p1,Bayes_Modeled,0.95,2021,TKN,MT,31,31,1074595.0856871759,1038791.265769389,1110634.796033496,1.7918254721960323,1.278714518834089,2.2898009053931725,1925.243586642268,1366.238034189733,2472.2593651674115
v1p7p1,Bayes_Modeled,0.95,2021,TKN,ST,29,29,1003501.7368860213,970332.8618089657,1036682.553124916,1.916587383012805,1.4792158195864409,2.367591528627086,1923.1009221110442,1486.568504138228,2386.8534352317083
v1p7p1,Bayes_Modeled,0.95,2022,TKN,CT,45,45,1562049.0882882322,1509107.480706458,1613813.2825261331,1.3423987086921767,0.9936781188460124,1.6792292098333559,2096.7643177894242,1556.3338625621068,2629.515389321792
v1p7p1,Bayes_Modeled,0.95,2022,TKN,MT,47,47,1634636.2310458464,1576268.0518740243,1689859.473213173,1.1875094785814917,0.8038628313169969,1.5631711574834584,1940.91988635541,1307.4160585332422,2558.078514441756
v1p7p1,Bayes_Modeled,0.95,2022,TKN,ST,47,47,1632953.9231555841,1576486.5157168985,1687286.1650391854,1.2789802701455542,0.9253194800228064,1.617277365860484,2088.3755640724876,1514.2256849407927,2648.1125000745906
v1p7p1,Bayes_Modeled,0.95,2023,TKN,CT,45,45,1891604.703247077,1839537.5245296792,1943185.1576235592,2.428574768839509,2.1611148452936133,2.7051576886113784,4593.84217981126,4081.0189998373426,5144.4520684370455
v1p7p1,Bayes_Modeled,0.95,2023,TKN,MT,51,51,2123551.0604774887,2063157.753034573,2182407.415238467,2.3665858476946497,2.0966423206246527,2.646457597057287,5025.532318804266,4440.695986332656,5629.539344302139
v1p7p1,Bayes_Modeled,0.95,2023,TKN,ST,45,45,1903389.8069251366,1849525.712600364,1957403.1963994538,2.1820460357221774,1.9061095213269934,2.466978741532019,4153.239089568557,3613.364846085642,4721.032564072826
v1p7p1,Bayes_Modeled,0.95,2024,TKN,CT,32,32,1598167.518419031,1541957.2106852536,1649186.144555681,1.2081923451512808,0.8424520241046486,1.5849554602997964,1930.6776141386154,1344.9354990636957,2527.4949455292954
v1p7p1,Bayes_Modeled,0.95,2024,TKN,MT,32,32,1598167.518419031,1541957.2106852536,1649186.144555681,1.2396480660663187,0.8674372236313489,1.615263360041647,1980.9558265612895,1390.6389269854737,2582.917259370099
v1p7p1,Bayes_Modeled,0.95,2024,TKN,ST,32,32,1598167.518419031,1541957.2106852536,1649186.144555681,1.2088682210593342,0.8395874501430121,1.5849700636454873,1931.7597442323738,1344.969303269744,2529.9415721776263
v1p7p1,Bayes_Modeled,0.95,2025,TKN,CT,58,58,2016110.3671513284,1945378.8677230473,2083625.9391173155,0.5472438586692897,0.2504365779671197,0.858217310864151,1103.1895031011882,500.5832650215016,1726.8627833819023
v1p7p1,Bayes_Modeled,0.95,2025,TKN,MT,58,58,2011750.6841506064,1943686.9057341195,2078325.3538219014,0.621841837326092,0.33455801644910826,0.9165007584729046,1250.8748516407172,667.6295286991718,1836.181398419877
v1p7p1,Bayes_Modeled,0.95,2025,TKN,ST,58,58,2000816.875990066,1936376.2185632274,2064765.6121410034,0.8089288314177511,0.5154763264503953,1.0864680290114248,1618.4147005226798,1032.6068150888836,2184.757863713915
v1p7p1,Bayes_Modeled,0.95,2011,TN,CT,12,12,405305.7433337857,387200.2301589167,424124.38565963984,4.8852966014540895,3.0153232443777824,7.080116585372297,1980.2657372651893,1198.2402592739904,2875.251910808394
v1p7p1,Bayes_Modeled,0.95,2011,TN,MT,12,12,419860.9280251939,403256.1338102763,435977.15394965885,3.641368586624878,1.2021605045220098,6.89093210143484,1529.843385964047,510.6825112303412,2933.030946488763
v1p7p1,Bayes_Modeled,0.95,2011,TN,ST,12,12,420719.9788627746,403200.96062792046,437623.278666603,3.5679516272605727,1.0475021370279056,6.9011407694120885,1502.1379225913695,441.3406203980138,2938.6097902127617
v1p7p1,Bayes_Modeled,0.95,2012,TN,CT,18,18,608453.5237332181,581599.5078447759,636144.5867713544,1.765156666372582,-0.05166652577151394,4.141308345096377,1074.3899950047883,-31.06213766907551,2497.6331804586944
v1p7p1,Bayes_Modeled,0.95,2012,TN,MT,18,18,628598.2658744844,604564.9708582812,651647.755121923,0.6439132282507574,-1.761265874628812,4.203414967867658,405.8460094111458,-1088.45942310073,2617.866982489476
v1p7p1,Bayes_Modeled,0.95,2012,TN,ST,16,16,557614.4460551215,537038.8784741746,577124.235781913,0.7657965898076826,-1.5741829159106708,4.2106830448063715,427.92322998583217,-884.1807340647508,2344.6885382139008
v1p7p1,Bayes_Modeled,0.95,2013,TN,CT,14,14,529632.456834561,510464.4822932873,549527.0689423716,2.2845837727595266,-5.222697915713875,9.240283239789786,1210.7345215164544,-2729.7091407106122,4922.72010930859
v1p7p1,Bayes_Modeled,0.95,2013,TN,MT,14,14,530701.4978768836,511170.24603032495,551062.8581191248,2.147639041557632,-5.343609564680777,9.21410176320294,1140.6089850083576,-2864.000295927938,4905.075254067429
v1p7p1,Bayes_Modeled,0.95,2013,TN,ST,14,14,530701.4978768836,511170.24603032495,551062.8581191248,2.2062723494376013,-5.371588109340504,9.166585432788551,1171.7350245202667,-2785.194269850913,4876.356181528601
v1p7p1,Bayes_Modeled,0.95,2014,TN,CT,25,25,867787.1521565682,838382.7398810924,896539.9466746203,5.073720750885998,3.338763214555973,7.7656101090440774,4404.135301802688,2898.872458020611,6791.577251422752
v1p7p1,Bayes_Modeled,0.95,2014,TN,MT,12,12,419866.6550307778,403255.7901571326,435991.162221933,4.785442754163798,2.811888388977759,7.916875884166698,2010.0722803227686,1183.179889502739,3361.2373485753296
v1p7p1,Bayes_Modeled,0.95,2014,TN,ST,24,24,839733.3100615556,806511.5803142652,871982.324443866,4.795625050370341,2.8440569449956614,7.829610470043729,4028.6933582362617,2397.0174119141275,6622.641043857729
v1p7p1,Bayes_Modeled,0.95,2015,TN,CT,22,22,745727.4050454964,714684.9548404138,777198.6941107716,8.771111511628536,7.576488801059407,10.202027981223331,6540.850789700347,5638.751773736593,7655.65017966951
v1p7p1,Bayes_Modeled,0.95,2015,TN,MT,22,22,769913.0268766491,739158.1572188184,799702.3582277503,7.585038431110721,5.881425745009466,10.084130429360691,5841.060298378144,4489.278992285417,7823.3921666113065
v1p7p1,Bayes_Modeled,0.95,2015,TN,ST,22,22,770794.9857365652,739064.1463880608,801062.1181368913,7.60255824174668,5.904129186123397,10.147881961046878,5861.33614197839,4526.513055940712,7908.213333269803
v1p7p1,Bayes_Modeled,0.95,2016,TN,CT,8,8,212417.56191771847,188663.97029870894,236048.7958101017,3.311038084176625,1.187865898619762,6.613900523539831,704.4993727827324,239.60436471326767,1415.630915983769
v1p7p1,Bayes_Modeled,0.95,2016,TN,MT,8,8,213286.15776460557,189451.98020571406,237094.18161331577,3.141055721260792,0.8998593322184004,6.49185419969897,671.1044471103287,187.13158613406102,1410.9180988514754
v1p7p1,Bayes_Modeled,0.95,2016,TN,ST,8,8,213162.0726436217,189335.41391096526,236981.11419700092,3.215596037003027,1.0107433808019417,6.589952033811278,686.6834603429337,204.5799221868914,1422.621771943845
v1p7p1,Bayes_Modeled,0.95,2017,TN,CT,30,30,1111410.176538146,1067162.5580331823,1157502.6373436188,5.510575492270205,-2.2309475972002755,12.735998324788845,6126.85249809741,-2475.1342051433003,14226.19674052471
v1p7p1,Bayes_Modeled,0.95,2017,TN,MT,24,24,908370.8799923235,875444.1787375235,942735.8973080958,4.724400241525559,-2.9707572205690775,11.940577766459212,4295.009475925255,-2692.4624863996096,10946.24324961325
v1p7p1,Bayes_Modeled,0.95,2017,TN,ST,29,29,1098081.9222169921,1058216.0345875567,1139648.7752038115,4.742798619488602,-3.0482817207334785,11.930813075495191,5212.26489821194,-3332.7682453248776,13227.02897547956
v1p7p1,Bayes_Modeled,0.95,2018,TN,CT,10,10,405454.0141125399,233180.88877849397,575259.9905813948,7.286409904310445,-0.009824274353822667,14.855500781299375,2910.5025943278943,-2.225826147347675,6684.799512002104
v1p7p1,Bayes_Modeled,0.95,2018,TN,MT,10,10,413901.34734874964,241743.30829859013,582995.3866154861,6.225333936932014,-0.9624629450368901,13.771267234080032,2584.3683775068966,-382.9794773632467,6278.114840770626
v1p7p1,Bayes_Modeled,0.95,2018,TN,ST,10,10,413901.34734874964,241743.30829859013,582995.3866154861,6.283967244811983,-0.8373145666454493,13.865965165385894,2608.121993548063,-375.8644898847749,6322.215855968656
v1p7p1,Bayes_Modeled,0.95,2019,TN,CT,2,2,99885.46990118944,96372.32566782835,103074.13403473006,6.682431587590075,-1.3365261701273496,16.13660431868667,667.2161528059506,-132.88858105978125,1605.5655100554793
v1p7p1,Bayes_Modeled,0.95,2019,TN,MT,2,2,99885.46990118944,96372.32566782835,103074.13403473006,6.623798279710105,-1.4498564890660122,15.998251590285717,661.3540619536492,-143.13050674486976,1588.4453120525068
v1p7p1,Bayes_Modeled,0.95,2019,TN,ST,2,2,99885.46990118944,96372.32566782835,103074.13403473006,6.682431587590075,-1.3365261701273496,16.13660431868667,667.2161528059506,-132.88858105978125,1605.5655100554793
v1p7p1,Bayes_Modeled,0.95,2020,TN,CT,20,20,700842.0269222991,671960.0994909306,728534.6551118072,5.4410465945147255,-0.43195153273293835,10.795862526649227,3814.4648548207724,-302.8812284614239,7613.967240067441
v1p7p1,Bayes_Modeled,0.95,2020,TN,MT,20,20,699923.3197765531,671959.6047313667,727007.9806235237,5.429522502226852,-0.5011240163463119,10.79010982193752,3801.403701166987,-351.27761260705586,7559.471829353644
v1p7p1,Bayes_Modeled,0.95,2020,TN,ST,20,20,701355.0711725209,671986.8290820706,729670.4430841042,5.414738850742516,-0.45128694628846977,10.77962046861751,3798.7903478614553,-320.9403048454079,7602.7064536879225
v1p7p1,Bayes_Modeled,0.95,2021,TN,CT,31,31,1047169.2911343317,1000476.2996787631,1095691.498779568,6.289213959493871,0.09904410946941689,12.201748203110405,6587.252106198707,101.42494022512423,12878.589124014139
v1p7p1,Bayes_Modeled,0.95,2021,TN,MT,31,31,1074595.0856871759,1038791.265769389,1110634.796033496,5.32326939547003,-0.8389645106786465,11.017086551650966,5721.656684640942,-914.7428869540114,11960.84281726403
v1p7p1,Bayes_Modeled,0.95,2021,TN,ST,29,29,1003501.7368860213,970332.8618089657,1036682.553124916,5.479217648690393,-0.7144223136001657,11.193140975093868,5499.654692222465,-716.8834964555288,11312.949297402523
v1p7p1,Bayes_Modeled,0.95,2022,TN,CT,45,45,1562049.0882882322,1509107.480706458,1613813.2825261331,5.315103329585677,-0.5477851486904828,10.989868834845797,8303.448669901074,-878.247192755972,17175.331764338534
v1p7p1,Bayes_Modeled,0.95,2022,TN,MT,47,47,1634636.2310458464,1576268.0518740243,1689859.473213173,5.172988313205817,-0.7763177245527607,10.803827424758559,8457.145852797745,-1235.6349599162124,17734.36114759816
v1p7p1,Bayes_Modeled,0.95,2022,TN,ST,47,47,1632953.9231555841,1576486.5157168985,1687286.1650391854,5.2683301007679395,-0.5863666748894933,10.939275378329341,8604.048507534631,-968.6176980574216,17909.649146902306
v1p7p1,Bayes_Modeled,0.95,2023,TN,CT,45,45,1891604.703247077,1839537.5245296792,1943185.1576235592,6.002362235844958,-0.8021512315489461,12.956910494511579,11353.916276871343,-1523.7724351120164,24341.388231905206
v1p7p1,Bayes_Modeled,0.95,2023,TN,MT,51,51,2123551.0604774887,2063157.753034573,2182407.415238467,5.813018184385898,-0.9714387414985659,12.73120751904421,12344.016138973435,-2073.1641323747463,27050.829017369608
v1p7p1,Bayes_Modeled,0.95,2023,TN,ST,45,45,1903389.8069251366,1849525.712600364,1957403.1963994538,5.728509165100353,-1.1176185932411005,12.618582057302183,10903.353056769507,-2151.4524207932786,23933.196503525935
v1p7p1,Bayes_Modeled,0.95,2024,TN,CT,32,32,1598167.518419031,1541957.2106852536,1649186.144555681,6.497200201446238,-1.8570790617264619,15.0530015585358,10379.8261862599,-3000.0248074729116,23913.167244353644
v1p7p1,Bayes_Modeled,0.95,2024,TN,MT,32,32,1598167.518419031,1541957.2106852536,1649186.144555681,6.506385652702071,-1.8520351439748939,15.041827419284978,10394.559328930038,-2978.6450014941784,23901.316560192034
v1p7p1,Bayes_Modeled,0.95,2024,TN,ST,32,32,1598167.518419031,1541957.2106852536,1649186.144555681,6.507637650947895,-1.8505728922267326,15.05610634296957,10396.515252645422,-2985.7712321544,23912.162288911277
v1p7p1,Bayes_Modeled,0.95,2025,TN,CT,58,58,2016110.3671513284,1945378.8677230473,2083625.9391173155,5.163335056942479,-2.3268747746057308,12.236323691298661,10407.058111729197,-4660.4556010014585,24587.65795393614
v1p7p1,Bayes_Modeled,0.95,2025,TN,MT,58,58,2011750.6841506064,1943686.9057341195,2078325.3538219014,5.240422864275001,-2.2034588537806483,12.270855256479113,10539.854654078603,-4421.000168324802,24595.49024253054
v1p7p1,Bayes_Modeled,0.95,2025,TN,ST,58,58,2000816.875990066,1936376.2185632274,2064765.6121410034,5.433754190601004,-1.9894895779868982,12.388811733487708,10869.970017053465,-3959.0980794409907,24919.492606049847
v1p7p1,Bayes_Modeled,0.95,2011,TP,CT,12,12,405305.7433337857,387200.2301589167,424124.38565963984,2.0617880836713725,1.0196433535509355,3.0682977019174773,835.6560481262424,413.9569294484247,1251.033354480384
v1p7p1,Bayes_Modeled,0.95,2011,TP,MT,12,12,419860.9280251939,403256.1338102763,435977.15394965885,0.9239733148843347,-0.12383417320333745,1.9289844383765447,387.96426184501075,-51.97193544881533,813.4092169454111
v1p7p1,Bayes_Modeled,0.95,2011,TP,ST,12,12,420719.9788627746,403200.96062792046,437623.278666603,0.8568191872754204,-0.22007391121176612,1.87831162972116,360.50347978192923,-92.65375159570206,790.5368135509797
v1p7p1,Bayes_Modeled,0.95,2012,TP,CT,18,18,608453.5237332181,581599.5078447759,636144.5867713544,1.7652274100441592,0.9373479006198215,2.6346987756265356,1073.972573911211,569.9816707672428,1607.5798211838157
v1p7p1,Bayes_Modeled,0.95,2012,TP,MT,18,18,628598.2658744844,604564.9708582812,651647.755121923,0.732285573612509,-0.17778404622439598,1.624855669779557,460.19503579919046,-110.70045045900005,1014.5911992236888
v1p7p1,Bayes_Modeled,0.95,2012,TP,ST,16,16,557614.4460551215,537038.8784741746,577124.235781913,0.6852277734779286,-0.20726853422274183,1.4878195849030502,381.99734137435047,-116.61022905943122,838.0855691767265
v1p7p1,Bayes_Modeled,0.95,2013,TP,CT,14,14,529632.456834561,510464.4822932873,549527.0689423716,0.12413549339922834,-0.927778900009437,1.154998583652291,65.80940600933529,-493.0141004009693,614.9577173508738
v1p7p1,Bayes_Modeled,0.95,2013,TP,MT,14,14,530701.4978768836,511170.24603032495,551062.8581191248,0.08358789421438483,-1.015817046531121,1.144967750427507,44.413070501692246,-542.2298188584762,617.3631170032791
v1p7p1,Bayes_Modeled,0.95,2013,TP,ST,14,14,530701.4978768836,511170.24603032495,551062.8581191248,0.052504423949720075,-1.003756826499035,1.094971008774924,27.939275189488352,-538.5895565946581,591.0160341791686
v1p7p1,Bayes_Modeled,0.95,2014,TP,CT,25,25,867787.1521565682,838382.7398810924,896539.9466746203,0.8712650137596148,0.15988591736338942,1.5679952299272855,755.9186957436212,138.1442076853774,1350.2610669329401
v1p7p1,Bayes_Modeled,0.95,2014,TP,MT,12,12,419866.6550307778,403255.7901571326,435991.162221933,0.706171157563365,-0.07420040477471976,1.4993395744467184,296.41764960857154,-30.945377745705315,625.4291615513661
v1p7p1,Bayes_Modeled,0.95,2014,TP,ST,24,24,839733.3100615556,806511.5803142652,871982.324443866,0.6314515037601068,-0.0761744783291482,1.3529398676562554,530.1012291633733,-63.2364569915935,1141.7315763196243
v1p7p1,Bayes_Modeled,0.95,2015,TP,CT,22,22,745727.4050454964,714684.9548404138,777198.6941107716,1.1633570807613405,0.33581207112282496,1.9762290691179172,867.3187062364673,249.79328735981665,1461.723414243318
v1p7p1,Bayes_Modeled,0.95,2015,TP,MT,22,22,769913.0268766491,739158.1572188184,799702.3582277503,0.16317699804511263,-0.6839937019446619,0.9839525947722885,125.3453848055655,-522.1751736978827,746.1478728460413
v1p7p1,Bayes_Modeled,0.95,2015,TP,ST,22,22,770794.9857365652,739064.1463880608,801062.1181368913,0.09448721631945538,-0.7107019805150951,0.9166980728928713,72.54371207368708,-551.8213578539818,694.3524343697818
v1p7p1,Bayes_Modeled,0.95,2016,TP,CT,8,8,212417.56191771847,188663.97029870894,236048.7958101017,-0.244067158451955,-1.1388917180298423,0.6758096845128054,-51.7995986015415,-242.78900583506248,138.0943592054062
v1p7p1,Bayes_Modeled,0.95,2016,TP,MT,8,8,213286.15776460557,189451.98020571406,237094.18161331577,-0.3148341150608106,-1.256887002168641,0.6462809469126376,-67.05805104729974,-268.92918896243594,137.08645383428433
v1p7p1,Bayes_Modeled,0.95,2016,TP,ST,8,8,213162.0726436217,189335.41391096526,236981.11419700092,-0.33136752434354444,-1.2312045521778248,0.5960917363652709,-70.58130202500449,-265.72309590616635,125.10200888398663
v1p7p1,Bayes_Modeled,0.95,2017,TP,CT,30,30,1111410.176538146,1067162.5580331823,1157502.6373436188,0.21347808493969847,-0.4724117743742254,0.89813992474720306,237.29633139304934,-522.6655041045877,995.2794394071137
v1p7p1,Bayes_Modeled,0.95,2017,TP,MT,24,24,908370.8799923235,875444.1787375235,942735.8973080958,-0.41608695770549026,-1.1600192692780231,0.344385978583715,-377.8055504185915,-1046.1057890510401,311.0646322228772
v1p7p1,Bayes_Modeled,0.95,2017,TP,ST,29,29,1098081.9222169921,1058216.0345875567,1139648.7752038115,-0.4825725278048018,-1.230058008521584,0.2776138770248652,-529.6570463651581,-1354.878278174111,306.10608667005647
v1p7p1,Bayes_Modeled,0.95,2018,TP,CT,10,10,405454.0141125399,233180.88877849397,575259.9905813948,1.6707885144616408,-0.5026328222894468,3.8536490276593787,647.0133389382553,-176.85772591484618,1791.9110969235976
v1p7p1,Bayes_Modeled,0.95,2018,TP,MT,10,10,413901.34734874964,241743.30829859013,582995.3866154861,0.8113225098848781,-1.2051034513416852,3.0307106374036765,344.4838005236641,-482.4659587420135,1414.906046074258
v1p7p1,Bayes_Modeled,0.95,2018,TP,ST,10,10,413901.34734874964,241743.30829859013,582995.3866154861,0.7802390396202128,-1.2236367412179985,2.946024438121016,331.9019469628198,-493.2591689160371,1395.3408322065625
v1p7p1,Bayes_Modeled,0.95,2019,TP,CT,2,2,99885.46990118944,96372.32566782835,103074.13403473006,0.7052039527409355,-1.1711132108780913,2.953618202854983,70.4032973175248,-116.76018262398495,296.83522379441
v1p7p1,Bayes_Modeled,0.95,2019,TP,MT,2,2,99885.46990118944,96372.32566782835,103074.13403473006,0.7362874230056005,-1.1317325566534913,2.9899955066326265,73.51091426500867,-112.94622553615194,299.3708213230729
v1p7p1,Bayes_Modeled,0.95,2019,TP,ST,2,2,99885.46990118944,96372.32566782835,103074.13403473006,0.7052039527409355,-1.1711132108780913,2.953618202854983,70.4032973175248,-116.76018262398495,296.83522379441
v1p7p1,Bayes_Modeled,0.95,2020,TP,CT,20,20,700842.0269222991,671960.0994909306,728534.6551118072,0.15029560192854366,-0.609172221716588,0.8990421762776825,105.3828570397692,-421.9312097677861,640.4936059468278
v1p7p1,Bayes_Modeled,0.95,2020,TP,MT,20,20,699923.3197765531,671959.6047313667,727007.9806235237,0.22477753856803168,-0.5341018583539747,1.0367064716040915,157.36766956934306,-366.6084343427782,714.1985202730843
v1p7p1,Bayes_Modeled,0.95,2020,TP,ST,20,20,701355.0711725209,671986.8290820706,729670.4430841042,0.12653994069445246,-0.6354568797408717,0.8775104102227225,88.80381244507413,-439.8844148460104,626.4579962067954
v1p7p1,Bayes_Modeled,0.95,2021,TP,CT,31,31,1047169.2911343317,1000476.2996787631,1095691.498779568,0.6124959804969617,-0.033992406469530057,1.2458896539223638,641.3039043520394,-35.502365618128096,1306.9826873821662
v1p7p1,Bayes_Modeled,0.95,2021,TP,MT,31,31,1074595.0856871759,1038791.265769389,1110634.796033496,-0.186333642938539,-0.8486932325196545,0.47818666731037274,-200.0461602535687,-912.3422640127944,513.8153139699411
v1p7p1,Bayes_Modeled,0.95,2021,TP,ST,29,29,1003501.7368860213,970332.8618089657,1036682.553124916,-0.10711910266329469,-0.7412673778921482,0.5109007100290615,-107.3312798777798,-740.3742679824559,514.1023238974057
v1p7p1,Bayes_Modeled,0.95,2022,TP,CT,45,45,1562049.0882882322,1509107.480706458,1613813.2825261331,-0.002008646803015254,-0.5479766772894878,0.5267945367385157,-2.757447910762143,-848.1372596969206,834.9758804900509
v1p7p1,Bayes_Modeled,0.95,2022,TP,MT,47,47,1634636.2310458464,1576268.0518740243,1689859.473213173,-0.06559526867245181,-0.6302630920544307,0.4870590423018108,-106.80832595067807,-1027.2457590065817,812.1411978849287
v1p7p1,Bayes_Modeled,0.95,2022,TP,ST,47,47,1632953.9231555841,1576486.5157168985,1687286.1650391854,-0.06310167513265963,-0.611555078704602,0.47465589674960995,-102.64899418587756,-991.7484423490592,769.8456228721504
v1p7p1,Bayes_Modeled,0.95,2023,TP,CT,45,45,1891604.703247077,1839537.5245296792,1943185.1576235592,0.665412435342182,0.2364125790824537,1.0993679071603797,1258.5800146472513,447.26887741646226,2070.0777080338753
v1p7p1,Bayes_Modeled,0.95,2023,TP,MT,51,51,2123551.0604774887,2063157.753034573,2182407.415238467,0.4683146791352865,0.046606657743492826,0.9089599148032405,994.3025698932213,99.91202051284691,1940.2678836114678
v1p7p1,Bayes_Modeled,0.95,2023,TP,ST,45,45,1903389.8069251366,1849525.712600364,1957403.1963994538,0.41598148530730966,-0.013649660800701284,0.8494215979657642,791.6257136453278,-25.689529234716552,1624.5542967981087
v1p7p1,Bayes_Modeled,0.95,2024,TP,CT,32,32,1598167.518419031,1541957.2106852536,1649186.144555681,0.7965542295438477,0.25795097538391953,1.3385087042872235,1272.8980803948434,408.14062258628576,2140.084114039755
v1p7p1,Bayes_Modeled,0.95,2024,TP,MT,32,32,1598167.518419031,1541957.2106852536,1649186.144555681,0.8211799524564066,0.2769158977978531,1.3617750042081957,1312.2579609462682,436.0347562354068,2172.288700451282
v1p7p1,Bayes_Modeled,0.95,2024,TP,ST,32,32,1598167.518419031,1541957.2106852536,1649186.144555681,0.8061950168093353,0.2632422180597457,1.3503745951863753,1288.3054635464493,422.1071663674971,2152.753140787432
v1p7p1,Bayes_Modeled,0.95,2025,TP,CT,58,58,2016110.3671513284,1945378.8677230473,2083625.9391173155,2.6840780590958375,2.2231483759217863,3.168630978261783,5411.621983771089,4484.998506031143,6425.096108224174
v1p7p1,Bayes_Modeled,0.95,2025,TP,MT,58,58,2011750.6841506064,1943686.9057341195,2078325.3538219014,2.754589893085199,2.304195109292249,3.2291436011402412,5541.776287421861,4644.786566628887,6525.921790580582
v1p7p1,Bayes_Modeled,0.95,2025,TP,ST,58,58,2000816.875990066,1936376.2185632274,2064765.6121410034,2.931429095788673,2.4824154917767443,3.392478204882691,5865.483303580042,4951.279515248889,6830.681606593925
v1p7p1,Bayes_Modeled,0.95,2011,TSS,CT,12,12,405305.7433337857,387200.2301589167,424124.38565963984,1766.581190717084,1019.1815170551123,2489.51294476237,716032.3184132021,416379.80441043456,1013964.0618829799
v1p7p1,Bayes_Modeled,0.95,2011,TSS,MT,12,12,419860.9280251939,403256.1338102763,435977.15394965885,145.52207859558305,-554.5076549795956,852.6250345767883,61223.8612921221,-232793.92465408565,359844.2952855576
v1p7p1,Bayes_Modeled,0.95,2011,TSS,ST,12,12,420719.9788627746,403200.96062792046,437623.278666603,49.84674244833724,-670.6189281974599,770.2592965893448,21103.562848137833,-283309.3170094677,324187.91099470085
v1p7p1,Bayes_Modeled,0.95,2012,TSS,CT,20,20,676260.0485796959,646578.3752370938,706797.0317495121,1636.528610054989,1010.5409689512103,2256.361794265153,1106768.2828647564,687100.5411485967,1535499.6197452364
v1p7p1,Bayes_Modeled,0.95,2012,TSS,MT,20,20,698837.5749679442,671787.9377551097,724828.8329736954,51.15533657646153,-678.6547684711378,750.5671601730926,35754.14482008088,-476107.4679016087,525428.655132378
v1p7p1,Bayes_Modeled,0.95,2012,TSS,ST,20,20,697939.1509669744,671673.1635641134,722986.713789981,187.8849143280791,-479.1574661545362,861.5171548879025,131221.3776875532,-336433.9134114123,592740.2547441947
v1p7p1,Bayes_Modeled,0.95,2013,TSS,CT,14,14,529632.456834561,510464.4822932873,549527.0689423716,308.3066337766842,-567.8587716296047,1245.695114531287,163343.08050799585,-298920.36423381907,655397.2283384958
v1p7p1,Bayes_Modeled,0.95,2013,TSS,MT,14,14,530701.4978768836,511170.24603032495,551062.8581191248,129.55780481876585,-741.0146874846388,1073.1810262541444,68755.36964421118,-391829.27060557203,572153.1542312677
v1p7p1,Bayes_Modeled,0.95,2013,TSS,ST,14,14,530701.4978768836,511170.24603032495,551062.8581191248,206.25294188628914,-696.6304466069223,1161.6110004174848,109523.02397678318,-361114.6030946625,616789.7395262215
v1p7p1,Bayes_Modeled,0.95,2014,TSS,CT,25,25,867787.1521565682,838382.7398810924,896539.9466746203,902.5599121068913,295.57670900631376,1522.6123619596224,783329.8774835996,256690.41722059203,1324749.7558276164
v1p7p1,Bayes_Modeled,0.95,2014,TSS,MT,12,12,419866.6550307778,403255.7901571326,435991.162221933,515.2305387064622,-134.51552332989297,1208.581914366332,216274.7794546819,-56627.962390382,505885.40661845746
v1p7p1,Bayes_Modeled,0.95,2014,TSS,ST,24,24,839733.3100615556,806511.5803142652,871982.324443866,552.429607833665,-67.50941839186152,1190.538503274493,463889.8334726643,-56559.47532261993,999134.2087226665
v1p7p1,Bayes_Modeled,0.95,2015,TSS,CT,22,22,745727.4050454964,714684.9548404138,777198.6941107716,1503.3843620986827,907.9983095300854,2126.042741605746,1121448.3512676856,673214.1430602276,1585952.9705750374
v1p7p1,Bayes_Modeled,0.95,2015,TSS,MT,22,22,769913.0268766491,739158.1572188184,799702.3582277503,-42.56502040337646,-638.6242006903536,571.2097956956466,-32755.672358744177,-489725.3796672231,441970.41342323227
v1p7p1,Bayes_Modeled,0.95,2015,TSS,ST,22,22,770794.9857365652,739064.1463880608,801062.1181368913,-19.44807157831149,-612.9841129657651,601.702098540448,-14881.856026185484,-476519.95099003066,467985.63883606903
v1p7p1,Bayes_Modeled,0.95,2016,TSS,CT,8,8,212417.56191771847,188663.97029870894,236048.7958101017,392.54825134983633,-419.5595301080832,1207.953274600835,83441.89278807677,-85708.2592167097,252386.3128465697
v1p7p1,Bayes_Modeled,0.95,2016,TSS,MT,8,8,213286.15776460557,189451.98020571406,237094.18161331577,170.7455211256564,-675.1086613006764,987.6342993560675,36465.0485366354,-145922.33327813356,213997.76525099302
v1p7p1,Bayes_Modeled,0.95,2016,TSS,ST,8,8,213162.0726436217,189335.41391096526,236981.11419700092,268.1703143584156,-542.035578781783,1094.0299302991957,57208.131147286294,-114394.80832619351,230013.59642578432
v1p7p1,Bayes_Modeled,0.95,2017,TSS,CT,30,30,1111410.176538146,1067162.5580331823,1157502.6373436188,1549.6346334587963,957.0822377593363,2097.3940009863163,1722339.84372127,1074066.6063005663,2340552.673893865
v1p7p1,Bayes_Modeled,0.95,2017,TSS,MT,24,24,908370.8799923235,875444.1787375235,942735.8973080958,493.2792431059978,-143.7423960464953,1117.7271773016428,448186.6429205422,-130232.55728211085,1023069.0496939314
v1p7p1,Bayes_Modeled,0.95,2017,TSS,ST,29,29,1098081.9222169921,1058216.0345875567,1139648.7752038115,537.2175657150533,-61.03267531325845,1127.2436354594056,590180.4403795952,-68098.9804860125,1252084.5043936041
v1p7p1,Bayes_Modeled,0.95,2018,TSS,CT,10,10,405454.0141125399,233180.88877849397,575259.9905813948,3452.317800869446,1759.7005116900332,5409.922755879987,1331045.600579219,593307.3211944774,2508924.7653806238
v1p7p1,Bayes_Modeled,0.95,2018,TSS,MT,10,10,413901.34734874964,241743.30829859013,582995.3866154861,2095.4645997800994,505.30732104555966,4185.323694762792,857059.0984132357,203863.49794693966,1960320.1575291827
v1p7p1,Bayes_Modeled,0.95,2018,TSS,ST,10,10,413901.34734874964,241743.30829859013,582995.3866154861,2172.159736847622,632.0202157118675,4255.032715499328,888984.9874867938,253551.64773276943,1966730.0939422315
v1p7p1,Bayes_Modeled,0.95,2019,TSS,CT,2,2,99885.46990118944,96372.32566782835,103074.13403473006,2008.243959757634,603.9665612094448,3663.6934667825144,200622.7041095607,59927.31063894823,365330.325726844
v1p7p1,Bayes_Modeled,0.95,2019,TSS,MT,2,2,99885.46990118944,96372.32566782835,103074.13403473006,1931.548822690111,538.6784371207051,3617.196997377753,192953.79371977193,53930.93896028561,358082.724065808
v1p7p1,Bayes_Modeled,0.95,2019,TSS,ST,2,2,99885.46990118944,96372.32566782835,103074.13403473006,2008.243959757634,603.9665612094448,3663.6934667825144,200622.7041095607,59927.31063894823,365330.325726844
v1p7p1,Bayes_Modeled,0.95,2020,TSS,CT,20,20,700842.0269222991,671960.0994909306,728534.6551118072,260.9575664847699,-463.8175413955046,922.1670010524408,183053.65212162168,-322589.2431404516,648629.5204997071
v1p7p1,Bayes_Modeled,0.95,2020,TSS,MT,20,20,699923.3197765531,671959.6047313667,727007.9806235237,245.50114086270267,-460.47979490802345,925.1376242932067,171908.37432183424,-323663.16364697204,655484.4982998571
v1p7p1,Bayes_Modeled,0.95,2020,TSS,ST,20,20,701355.0711725209,671986.8290820706,729670.4430841042,226.52094178297995,-503.1609614990484,889.63177213626,159035.14918529522,-349289.66919560154,626858.0906832316
v1p7p1,Bayes_Modeled,0.95,2021,TSS,CT,31,31,1047169.2911343317,1000476.2996787631,1095691.498779568,1181.0316509747847,686.5366945377095,1695.6560270917412,1237016.9072323525,715010.5613538969,1775879.9482639255
v1p7p1,Bayes_Modeled,0.95,2021,TSS,MT,31,31,1074595.0856871759,1038791.265769389,1110634.796033496,-78.05118197911722,-684.4978054291707,474.6180970554834,-83681.46961301472,-729699.4878724075,509467.265720355
v1p7p1,Bayes_Modeled,0.95,2021,TSS,ST,29,29,1003501.7368860213,970332.8618089657,1036682.553124916,128.7501743154073,-426.1106977023974,666.1206523887596,129482.05996503962,-417741.8679328774,670458.2341173879
v1p7p1,Bayes_Modeled,0.95,2022,TSS,CT,45,45,1562049.0882882322,1509107.480706458,1613813.2825261331,248.479528529972,-217.31960853869748,749.9637361425657,388034.3628087726,-340670.26066315535,1154349.7666157652
v1p7p1,Bayes_Modeled,0.95,2022,TSS,MT,47,47,1634636.2310458464,1576268.0518740243,1689859.473213173,55.8997776481941,-458.0466230958092,569.9786561762943,91084.5391082817,-743067.5913911292,940207.6691745219
v1p7p1,Bayes_Modeled,0.95,2022,TSS,ST,47,47,1632953.9231555841,1576486.5157168985,1687286.1650391854,180.43258278934002,-296.47445326829194,688.134976657946,294533.43288671476,-487882.2396000325,1113191.6880076851
v1p7p1,Bayes_Modeled,0.95,2023,TSS,CT,45,45,1891604.703247077,1839537.5245296792,1943185.1576235592,1626.088476599981,1253.5217242384379,2015.7694493572444,3075991.6142229144,2380153.493816986,3834510.2953135064
v1p7p1,Bayes_Modeled,0.95,2023,TSS,MT,51,51,2123551.0604774887,2063157.753034573,2182407.415238467,1327.844785127316,960.3673916211656,1712.576990180305,2819809.843063786,2038130.6982478795,3640038.0277732527
v1p7p1,Bayes_Modeled,0.95,2023,TSS,ST,45,45,1903389.8069251366,1849525.712600364,1957403.1963994538,1272.3461383397564,891.2326339997619,1667.3166895706809,2421904.181104293,1700168.5745665764,3178589.6975990543
v1p7p1,Bayes_Modeled,0.95,2024,TSS,CT,32,32,1598167.518419031,1541957.2106852536,1649186.144555681,1589.0424637490203,1087.7441852133425,2092.622086774611,2539825.969433649,1727691.6994391903,3368113.6086449213
v1p7p1,Bayes_Modeled,0.95,2024,TSS,MT,32,32,1598167.518419031,1541957.2106852536,1649186.144555681,1610.7613224623879,1106.3093337969067,2111.565060309945,2574540.4501540824,1760161.8395225985,3396731.358449842
v1p7p1,Bayes_Modeled,0.95,2024,TSS,ST,32,32,1598167.518419031,1541957.2106852536,1649186.144555681,1597.807099604374,1096.1252786561452,2099.5501706918276,2553834.096743679,1736645.3095357188,3375297.2956796484
v1p7p1,Bayes_Modeled,0.95,2025,TSS,CT,58,58,2016110.3671513284,1945378.8677230473,2083625.9391173155,1673.949243788792,1270.53990628999,2075.5686834914854,3375078.4156140815,2555391.167832207,4218196.52682407
v1p7p1,Bayes_Modeled,0.95,2025,TSS,MT,58,58,2011750.6841506064,1943686.9057341195,2078325.3538219014,1774.4083467434018,1369.5161936282518,2164.7630511226716,3569877.1480185506,2774243.9181827353,4383925.336052718
v1p7p1,Bayes_Modeled,0.95,2025,TSS,ST,58,58,2000816.875990066,1936376.2185632274,2064765.6121410034,2026.3533985978154,1629.7256693525483,2415.8532998185347,4054570.6213384164,3269821.2784946403,4852953.830466405
